"","pred_A"
"1",37778.8180094922
"4",82770.9829565276
"5",82437.1833153618
"9",66740.2923675158
"10",64041.478551948
"11",63263.3270498615
"12",55112.0083581916
"14",80071.2148543323
"15",76822.2784511315
"16",73582.1744776749
"17",58908.9744173093
"18",34344.8335298612
"19",42916.7489985475
"20",77890.3861777627
"21",41089.9097886309
"23",66081.4380891044
"24",72260.54796996
"26",79275.0491916323
"28",51494.916464773
"30",38508.3224104586
"32",32947.4830615973
"33",41147.2685351712
"34",44442.7008392333
"35",64483.6463483206
"36",22220.2242927722
"37",65715.4463190519
"39",60447.318805299
"41",60699.5621730162
"42",60821.3145166429
"44",41349.5825357675
"45",51805.563431582
"46",29519.4382196449
"47",65229.3645200763
"48",20361.648116583
"49",40351.3766142571
"50",52259.1965264378
"51",83912.9662182727
"52",55865.117537016
"53",34827.7600108122
"54",44600.1006344625
"55",73632.6673528147
"57",50888.9997027977
"62",65454.4453925412
"64",27396.3263603822
"65",29637.2471703959
"66",33786.180312702
"67",53226.5728315412
"68",49870.6382484123
"69",59240.0331250223
"70",59831.6206297829
"72",64486.6203669971
"73",75002.3991425866
"74",69866.0849193025
"75",52215.0257028779
"76",82339.3306971768
"78",40719.7769347033
"80",56028.224781082
"81",50517.908647241
"82",77716.5843382815
"83",43807.3248033338
"85",55677.9981018715
"87",82465.0805065298
"90",63770.0048644521
"94",66749.1258556156
"95",64413.0851636626
"96",85797.7224259373
"97",57284.9183998193
"98",85490.0113916714
"100",82802.4708508595
"105",31541.992412942
"106",73203.2643657025
"109",88964.3453094032
"110",57414.7233332765
"113",55822.630355438
"114",44348.9358854944
"116",49338.9155806242
"117",70280.8613769113
"118",78444.5630308482
"119",31621.31902689
"120",34196.5073630571
"122",35392.8728254939
"123",25067.7645522761
"126",36409.3969865209
"127",29792.7239177261
"128",49158.9660552899
"129",43530.3510645173
"130",65087.3681566317
"131",24086.1707616797
"132",64657.2370400209
"133",27939.0771054937
"134",59432.7020754214
"136",34735.2922054154
"138",86120.3904529953
"139",28372.0751994557
"140",79528.6143342803
"141",68480.7844228451
"146",65508.781471866
"147",44561.6685769887
"149",86588.9024513689
"152",31855.0586950173
"153",75581.3503714272
"154",48267.8154024144
"155",35751.7110368941
"156",30068.1428746118
"158",84728.5195646623
"160",39615.8823367764
"163",53723.1668249715
"164",21397.624472312
"165",65355.058912006
"166",61162.681936296
"167",68400.0760481202
"168",55433.7802889412
"169",38748.0614158935
"171",74046.0770129748
"172",66085.4741296485
"173",78793.7183111481
"174",44963.7984392325
"175",63110.1847596389
"176",31170.6791180211
"178",41186.1298623214
"179",56150.9147739613
"181",60031.146803421
"182",62496.3041809932
"184",57023.5490858603
"185",47500.2118157178
"186",84584.8853943855
"187",42435.0937297442
"188",58604.5057624511
"189",59094.5070593589
"190",40031.1083707143
"191",40641.8034966853
"192",86763.6662022503
"195",50450.4945024135
"196",73860.3717169754
"197",60529.0195150547
"198",76100.128113206
"201",84825.5252670189
"202",59780.8502598293
"209",41777.1307362578
"212",73094.5482106869
"217",79307.2785102706
"218",41398.2532078839
"221",82917.7945065154
"223",89125.4235226007
"224",64999.1680919364
"226",34007.1238948131
"227",24670.4958736988
"228",22996.6683416833
"230",62466.5371156316
"231",68474.5432334353
"232",69663.3741083848
"233",55651.4109056627
"234",50016.6924306334
"235",29208.8675493464
"241",41425.7727937708
"243",45730.4305322553
"245",62458.858256574
"246",78044.5661439549
"247",62004.0897404796
"249",55416.7626213207
"251",21275.9956859052
"256",29685.504681033
"257",22764.1143336304
"258",21650.6820940355
"259",32399.4306500793
"260",58258.600489095
"261",78109.2056756453
"265",77689.2767183337
"266",25352.8597146344
"268",54221.0119696206
"269",46050.0405383668
"271",67675.0877658812
"272",33544.1297677343
"275",65722.4764419647
"276",69510.9452705498
"277",38419.5158969708
"278",51452.7999143614
"281",53791.3969788389
"282",46343.4090611034
"283",48827.8716266418
"284",55251.5830816651
"285",57276.4112170459
"286",79683.0656798233
"287",40038.4109718269
"288",46984.1562072856
"289",31676.943363435
"290",65301.0965229607
"291",38955.0799301601
"293",39318.3021414196
"294",53058.4522617418
"295",76521.4953908234
"296",39534.3002108834
"297",47566.3372956276
"298",54262.6829801849
"299",35797.4948731973
"300",32738.0137905716
"301",31565.2966164376
"302",48695.1300262333
"303",52347.7392476173
"304",28624.1938678473
"306",42595.5635771419
"307",82657.3729127667
"308",59479.7944351041
"309",71386.1036049766
"310",67052.3288846113
"311",61501.9006828621
"312",53889.3161060305
"313",44785.6124379183
"314",89828.6507192571
"316",40424.8557495103
"317",71081.107935173
"318",42948.9788086335
"321",52028.2749009056
"322",29917.1190823326
"323",37582.1719837698
"324",32119.1468807427
"325",74228.9110089239
"326",56580.4237817733
"327",77675.2547611088
"328",42161.2943925124
"329",46950.7139478056
"330",48250.0420788042
"331",59413.0662971599
"332",41684.7176543695
"333",26026.2284646102
"334",55942.5218779667
"336",80824.4098309538
"338",65223.9052872916
"339",89228.5095864087
"340",79456.6167868172
"341",51798.1895505728
"342",35329.0667151201
"345",35582.1537370855
"346",82044.3251425097
"347",52595.8880982542
"350",62270.3227247839
"351",70524.9247635634
"353",56522.1999727198
"354",74110.8753341359
"355",46582.0563177181
"356",82093.8689933596
"358",45680.8562200446
"359",67542.8805217368
"360",45941.2237004495
"361",53697.3709651941
"362",49060.2097565172
"363",48355.593538752
"365",74756.0102709355
"367",65635.8446187451
"368",27125.2067071711
"369",62470.5108888813
"371",62567.4712042791
"373",67290.4909654421
"374",65534.1426809122
"375",80059.4120374591
"376",61755.0066669074
"378",87170.0689837832
"381",81562.3667316785
"382",26752.2599281171
"384",78169.0600744558
"387",56169.2936527454
"389",59901.7798255319
"390",43899.7635351994
"391",82408.5834826989
"392",60309.9192202847
"393",54555.3405804692
"395",41726.453705124
"396",55691.0449743686
"397",39048.6714550475
"398",89005.352496251
"399",44136.697260906
"400",23070.360215014
"401",62506.3785413603
"402",50230.4939533729
"403",53093.2160964486
"404",68878.6123327621
"406",58870.4513862141
"408",62731.0813631164
"409",49135.3319986704
"410",23632.639286601
"411",79557.6498438262
"412",35647.9512808788
"413",39968.6438560028
"415",31501.3652775603
"416",56216.408481812
"417",61161.8146705581
"418",68363.5130089516
"420",83303.8266491341
"423",37081.8226629327
"424",84629.502859405
"425",76959.4623227052
"426",74085.0904012049
"427",83141.8480196923
"430",34591.2581657041
"431",71532.1154593519
"432",67585.4999869198
"436",52081.9768834664
"437",62280.5818108161
"438",86316.8342625523
"439",42552.9280875118
"440",30167.0098867507
"444",38739.192166365
"445",84098.1073123385
"447",34052.739440359
"448",62109.0246374204
"449",63068.3759601714
"450",57274.6116858735
"451",71841.674387112
"452",45943.6090903076
"453",38083.7614424659
"454",55882.6467243125
"455",78041.6970876225
"456",84901.6345008784
"457",40927.7211102572
"458",54371.8812546347
"460",89616.2396054559
"461",41668.9700162975
"462",89412.7672255527
"463",70364.2036842572
"467",82188.1894659039
"468",72372.669414086
"469",61337.3397042078
"470",53726.9029445746
"471",63668.3312280121
"474",70985.8356249496
"488",39294.5737253549
"491",28049.7615738866
"496",51744.411560482
"497",88225.5790498057
"498",42583.3022928175
"499",87498.0325617849
"500",30469.333824017
"501",50588.5166471807
"503",69137.0057515307
"505",84773.0129432841
"507",67499.9493906082
"508",43685.9394620891
"509",75968.0153094937
"511",43917.4334057753
"514",68718.3640335771
"515",57831.7121595895
"517",62279.3308648278
"518",48803.5604110043
"519",60995.2708633892
"520",37912.5820363249
"521",63717.8166455824
"522",78982.2201604907
"523",53716.9336275386
"525",53222.3668694496
"526",32442.3073844101
"527",41752.2342748625
"529",23888.1806536164
"530",68334.6324171315
"532",24877.4425356343
"533",73391.4669880189
"534",67125.0001270449
"538",86137.4571363589
"539",53243.0458694725
"540",67545.6500805299
"541",28395.7729111992
"542",54199.7935184961
"543",73319.5202490627
"544",81536.3556876384
"545",83320.1788245178
"548",40510.4450853767
"550",87860.0949654145
"551",82781.9190396041
"552",83728.153881245
"553",76231.6212138113
"554",44632.4037629327
"555",24768.5084234602
"556",80361.5858306529
"557",46534.0829492987
"558",88834.8354045167
"559",43345.8050037133
"560",37969.387343041
"562",46742.405667009
"565",36022.988583194
"566",59626.3753055599
"568",57132.8232086296
"570",89065.408214845
"571",86801.7631875192
"572",53935.278020595
"573",41821.6133472437
"574",56175.6931429415
"575",82373.2762818889
"576",21134.3032798834
"577",60121.4636542828
"578",48371.8207258296
"580",54130.0898120721
"585",84372.6907689264
"586",25880.9629296748
"587",39076.3311140492
"588",40481.4844062881
"589",53370.1097075032
"593",61277.5509585154
"594",48189.3776676996
"596",55340.912084932
"597",60772.1826879297
"598",31942.4511936036
"599",85450.2189034622
"601",50543.7862683336
"603",22235.0777515431
"604",35717.2978129181
"605",43568.4876857229
"606",50956.9182312129
"607",71983.1520165686
"609",60327.682024746
"612",40292.620449697
"613",48211.090633921
"616",41081.556870162
"618",34459.2391922592
"619",79897.4037592883
"620",54666.6776190217
"621",78147.2244069029
"622",85053.0684387803
"623",72644.7758132796
"626",20975.8676014483
"627",37840.0742732652
"628",49885.0486945079
"630",35270.958144599
"632",80662.3277862078
"633",65798.5475896907
"636",39504.0406716756
"638",59128.584762939
"639",81315.287079491
"641",48371.1653017874
"642",41120.1318951265
"643",49157.6971678472
"645",76412.1324544006
"646",29648.7315119457
"648",78280.0483787913
"649",68622.1118677357
"650",88592.5772568023
"651",38317.1889559631
"652",75967.0365987447
"655",57772.2968584527
"657",61312.1548616458
"658",57150.1015284584
"662",36822.2742911743
"667",76160.9021388277
"668",77224.6586084085
"672",34188.9817476786
"673",55722.2178196943
"674",27626.4188872969
"675",55058.7127304956
"676",78784.8214136481
"677",61989.1357230505
"678",78098.1447745261
"679",35476.4491577022
"680",78771.6170180296
"682",48447.1351536837
"685",48883.7969047531
"686",29334.6380325562
"687",72418.1770191615
"688",49639.9682652495
"689",53525.177778027
"690",32309.1610221968
"693",87476.9440695605
"694",55799.5499411098
"695",89901.9557345073
"696",65714.9177570665
"697",31176.2868640882
"698",32993.3717792578
"699",57105.9080735409
"700",25695.4056582734
"701",35861.1730226653
"702",52903.8797674338
"703",71037.7640907561
"704",34110.6119475302
"708",39966.4602368824
"709",82179.5951812539
"710",65475.0429607227
"711",60740.5445657752
"712",44507.6672864148
"713",52318.9780145616
"714",27832.6789321845
"715",67035.0499951112
"717",39202.6817454161
"718",30456.7232358045
"719",53441.2157270807
"720",53192.4355930691
"721",69783.1003992692
"722",39195.2958764416
"723",38225.9853885993
"725",61346.1862413918
"726",51402.8576223999
"727",34580.8576619843
"728",50042.4760567217
"729",46979.3057507615
"730",72696.2874050725
"732",75922.1722650092
"739",85457.7734681283
"743",78083.9512244702
"745",88818.3725212933
"749",65014.0640810201
"750",80772.2486876211
"752",35171.6118696718
"753",49003.4294463571
"755",77287.9515683161
"756",67013.4255158327
"758",70519.5602979214
"759",47926.5396530608
"760",32333.1546183994
"761",42996.5614012075
"763",56235.0067433143
"764",83879.7570467796
"765",75408.7882243773
"767",53391.7211349344
"772",59820.7847409238
"773",55941.6255386977
"774",66975.7196331199
"776",52041.7926365165
"777",84133.8014954725
"779",42942.199347958
"780",61575.2729792572
"781",49053.7775207489
"782",68742.9482565922
"784",65887.0451696352
"786",53763.038712061
"787",59311.6214260077
"789",50306.1587462341
"790",81262.8153690617
"792",47930.3301694617
"793",67049.3992322681
"794",49139.8994983392
"795",47662.951080033
"796",55281.0318741706
"797",72221.7075218971
"798",70012.14057034
"799",36932.6419960209
"800",66288.9447167879
"802",47836.9329930064
"803",42002.9774194204
"805",67947.2491343071
"806",70344.4806016519
"812",61142.3517919703
"813",86670.0628918648
"815",40944.4807743217
"817",41834.2759670557
"818",54793.9553777291
"820",82332.2900063321
"823",51336.72260071
"825",63563.3272543993
"827",58244.7029072483
"829",70738.6510509114
"830",56870.0279700274
"831",71485.6830488776
"832",87259.4149916293
"837",89080.448027308
"838",70401.540239883
"840",66746.6652331291
"841",61051.7676847529
"844",81632.8338431086
"845",66057.1930152695
"846",55992.6940773219
"851",28798.2402918331
"853",75872.1767965792
"854",57720.7660183627
"856",46864.5140024213
"858",70585.0856902254
"859",72588.423711677
"861",81555.1013203175
"863",82449.7660936292
"864",67488.4873537053
"866",52622.4868370006
"870",56771.6366323858
"871",59775.1073762745
"872",59438.8079653698
"873",54613.139402052
"874",49242.5383915098
"876",72422.1231444397
"877",83349.4028449605
"878",69175.0458505599
"880",41602.2766219196
"881",76862.0509216684
"885",61868.1796109888
"886",52646.714417572
"887",59445.0525406034
"888",38687.1891590817
"889",79938.3717178969
"891",74122.4133813321
"892",68219.2046145265
"893",60788.3824699963
"897",57284.5760700458
"898",70651.318619158
"900",75072.6377344526
"902",60292.4026743747
"903",39575.0418098958
"908",87434.8484359663
"909",65048.0539483154
"911",52162.7623296034
"913",57688.5768648389
"914",35991.4899644829
"915",28412.4037584693
"916",63903.4709250813
"917",28461.7800124766
"918",62603.892906747
"919",66572.0111749884
"920",71373.9907529478
"922",49737.9781635953
"923",51138.0839184756
"926",53889.9365840391
"928",82141.8782879446
"929",74882.848362298
"932",74309.3285562969
"933",70955.988880017
"935",45772.4832655694
"938",59399.4485348318
"939",56531.6933290412
"940",41359.4076217268
"941",65387.4498362675
"942",63433.1425151998
"946",44999.3266563141
"949",85122.3099652188
"951",49670.4954307802
"953",53552.1190895075
"954",49895.7928348439
"955",37694.6738033093
"956",59855.0672715915
"957",55590.3883805348
"958",54644.9732172116
"959",41530.8407492182
"960",39321.0091062076
"962",57097.2705241699
"964",41379.6742729023
"966",36021.4452600506
"967",87484.9219559404
"970",74976.1608425684
"971",69052.046435453
"973",56205.6703354586
"974",50532.0195395997
"975",65811.8726481529
"977",40646.492474593
"978",36629.1799051136
"980",28802.7736203699
"981",63070.0090771004
"982",57856.1943983867
"983",23054.6208146427
"986",40599.7209554319
"987",38753.2568158765
"988",50472.2941628139
"989",69241.6092860377
"990",47446.2833953372
"991",62073.5973866946
"992",47018.916046004
"996",45670.2929308657
"997",52791.6033273584
"998",29763.8325205399
"999",65804.640430555
"1000",31236.5004352776
"1001",57274.8777218998
"1002",68640.5760528693
"1003",54096.035760475
"1004",30418.0926719364
"1006",70541.5304523039
"1007",40130.4833952253
"1008",66634.6058943238
"1009",26092.2074292318
"1011",87623.0474699918
"1012",54296.3982902993
"1015",49775.5439759567
"1017",76827.5801607947
"1019",88936.5004793086
"1020",69447.7353760369
"1021",58263.292199405
"1022",31303.0529006524
"1023",45031.6290908695
"1024",52724.8808161926
"1028",69852.5927121886
"1029",60806.7641216762
"1030",72370.7778859034
"1032",65670.1833012442
"1033",43263.6598179923
"1034",40582.3836703823
"1035",75369.9714282974
"1036",41716.5147684619
"1037",83441.2429175433
"1040",39051.1296746056
"1041",71952.7749141236
"1043",34775.4678474605
"1045",37587.2893754654
"1046",88121.2771102864
"1047",36039.0505791206
"1049",52422.7321033049
"1050",63080.1410176218
"1051",46721.9970662049
"1052",31790.1292351202
"1053",39994.913883731
"1055",80423.5838049495
"1058",46540.9214561817
"1060",39954.1897374886
"1063",31881.5254363759
"1070",70412.3384935629
"1072",40852.7284193066
"1074",36194.6386904752
"1076",20610.2792486278
"1077",29653.4710958932
"1078",61567.4486255369
"1079",51346.5942562272
"1081",86431.5755668264
"1082",65778.2218895444
"1083",28390.3750088335
"1084",56805.0808926233
"1085",84825.0356065621
"1088",77752.6192259255
"1089",49015.20677799
"1090",63665.7755494023
"1091",36735.7044490319
"1092",60626.7339366389
"1093",63428.1651966189
"1094",59773.1943588401
"1095",67802.1885102094
"1096",75829.4418066466
"1097",47214.4250601911
"1098",25715.5405982785
"1099",49130.3337605088
"1101",60902.1016773202
"1102",39617.0115615653
"1103",77846.8853394021
"1105",38954.4937070335
"1106",22104.0808373183
"1107",70578.7215942538
"1108",50571.9342027258
"1112",81557.4248100854
"1113",80279.0455463874
"1114",56768.8209144956
"1115",47158.6316174938
"1117",63073.7116357362
"1118",69379.5019200958
"1120",37646.0833831985
"1122",34841.9947466081
"1123",68309.6796014376
"1124",34537.3329259169
"1127",46004.1889699643
"1128",74654.9327693696
"1129",54738.5507128829
"1131",85262.5101428214
"1132",66078.8129666186
"1133",32773.4296230034
"1134",51875.2978855841
"1135",75573.6981829723
"1137",69009.5192912276
"1139",64312.6568464324
"1140",51115.1328528828
"1141",42535.9405950348
"1142",60800.9831897181
"1143",75861.8828455003
"1144",61656.491855796
"1145",69777.5930093931
"1146",71908.3487816799
"1147",36497.4346329611
"1148",37902.8931084787
"1149",61763.577342831
"1150",22207.2212169373
"1151",50735.2140602483
"1153",20510.0210149187
"1154",33198.2252692798
"1155",32174.3458221194
"1156",48768.1785067438
"1157",50601.8622580195
"1158",70540.9964255137
"1159",42176.9571724259
"1160",28789.4010959678
"1161",68017.344637202
"1163",42202.2548073351
"1164",53359.4363988728
"1165",39886.6037945997
"1167",27914.8102561895
"1168",47374.0902763494
"1169",28281.2341093078
"1170",62562.7671792931
"1171",68189.9666053611
"1172",25517.8958386083
"1173",25330.8009518289
"1174",37212.6037017432
"1175",25294.0471120256
"1176",39408.5320523785
"1177",32555.0328716368
"1178",73044.7341658485
"1179",35830.9229847442
"1180",36552.9053586229
"1181",74428.9619537893
"1185",41595.7549190764
"1186",34307.9252232863
"1187",33164.5767948827
"1188",48803.2206893897
"1218",89083.4104657169
"1231",78920.101769074
"1241",80437.6658234809
"1244",46978.9617874346
"1245",68785.3385487898
"1246",61115.509894279
"1247",63459.5955917832
"1248",84611.7955533538
"1249",77851.2951889427
"1250",66001.3431345234
"1251",45827.3239714424
"1253",58871.0768375799
"1254",52583.3122941015
"1255",44698.916713851
"1261",85932.5950819256
"1262",58828.9782286227
"1264",69230.1065115858
"1266",62180.7055023239
"1267",72019.9382724702
"1272",57784.1029369061
"1282",86463.7458797506
"1285",79380.4845139026
"1291",82651.9612269087
"1314",37749.0100446078
"1326",87439.7077026255
"1330",73333.0336187179
"1344",84597.4512085672
"1348",61890.624948421
"1349",79473.4075251703
"1363",75603.1101501671
"1366",80032.3056535448
"1370",82917.872269079
"1372",56451.1672715266
"1373",66601.4135194162
"1383",87226.0190937135
"1385",48939.1229078905
"1389",46211.3215806577
"1399",65722.8398560558
"1400",85340.8984136021
"1405",71860.5648233023
"1407",75567.3917453787
"1409",69321.3779730224
"1410",58068.3653718627
"1411",69200.2489207936
"1413",80786.2297802902
"1415",52749.3290053382
"1417",46727.5063730883
"1422",73096.7313816164
"1431",81708.8505480169
"1435",56457.750059065
"1436",80509.0939876595
"1437",65862.5714924861
"1440",58419.1940556863
"1442",49522.7499008177
"1443",84089.2152667154
"1444",60589.8083797611
"1445",56632.7375586204
"1446",62407.3392019821
"1449",60730.9726692253
"1458",87862.1075208817
"1459",50461.7353583078
"1461",88709.484362986
"1463",76902.5557634162
"1470",48032.9961381693
"1471",52543.3991807786
"1473",59326.1014807164
"1474",63855.4400197641
"1475",45610.7184325607
"1476",79768.2376529917
"1481",59392.5865811961
"1482",64265.0969229461
"1483",53493.158667531
"1484",60467.7403742003
"1485",55582.7673445922
"1487",40302.8635490123
"1488",71052.6307200914
"1491",79432.0395756469
"1492",80253.5291333981
"1497",75862.0718101145
"1501",57542.5673351684
"1502",76406.9446819536
"1503",63334.6794089772
"1505",85324.7064182819
"1509",89739.469619108
"1516",50709.8307085288
"1525",67186.2649119725
"1538",83228.9845532102
"1539",87428.1253728461
"1540",89479.2940381869
"1553",67199.3497491227
"1556",66030.5965202411
"1559",53795.1717137533
"1560",47476.1374788254
"1567",38086.8736577432
"1592",70606.0075197193
"1594",88641.86334982
"1597",87096.2414815172
"1610",74030.1088068221
"1617",86510.4194511756
"1619",88433.261142065
"1623",52983.1225815789
"1625",82323.0931529242
"1627",73776.0508608542
"1628",77737.0566347029
"1635",67751.6181127033
"1638",83566.853142466
"1643",61956.7706539966
"1645",69932.5260206529
"1661",59136.2353638604
"1663",73585.242080895
"1664",65374.6040378303
"1665",77990.6738117136
"1667",58407.2194002583
"1671",53068.9200898632
"1672",54680.6442775404
"1681",41932.130950439
"1683",63980.5335059297
"1684",83421.9604796518
"1690",77738.7509200772
"1695",65781.6691365331
"1696",83187.6082040124
"1702",77745.1479235947
"1707",74258.0393686052
"1710",69868.4830720275
"1715",89853.3247765513
"1717",75310.4390931011
"1726",56375.8410986677
"1728",86930.7090901759
"1735",41937.6162408985
"1736",76516.4349258609
"1738",86868.1154319594
"1742",75629.7517864304
"1744",58477.4074265779
"1748",59185.6715604572
"1751",55894.9324327583
"1755",65995.0161068231
"1756",57682.1731329306
"1759",76707.2178533757
"1760",64535.4505629924
"1765",70806.5951455537
"1769",63593.899396428
"1770",64345.0843042609
"1771",77554.7181312196
"1773",70822.7161876879
"1778",64867.1702405393
"1779",76801.9771373764
"1780",87304.6358030715
"1793",86294.4489891899
"1794",83350.6141550121
"1799",84099.6026808577
"1822",48152.762472688
"1827",86074.1475390763
"1830",73494.1570973939
"1833",48395.073834601
"1834",88759.5860573461
"1836",65848.5283754832
"1837",75780.8686745688
"1841",51825.6630583494
"1844",85631.5731043849
"1845",60199.8738247762
"1847",78626.8391455569
"1850",89224.4935258068
"1854",53287.9502468423
"1855",38832.9664566536
"1857",56257.6004725486
"1858",86492.0839613561
"1861",88423.1737731073
"1862",55837.7909927185
"1863",21528.8296399415
"1864",33032.7433192414
"1865",69996.1202488377
"1868",54213.6935870214
"1869",56874.030163387
"1872",53282.3746334194
"1873",44895.7832266672
"1874",83942.0175497986
"1875",51809.0457083544
"1876",55670.2197857681
"1882",76082.6774228813
"1883",83216.1351287519
"1885",65719.030010371
"1910",79170.1416159524
"1912",61685.0309304744
"1913",84774.7481686745
"1915",73172.4202746516
"1917",82773.6256127704
"1921",83258.0965212404
"1924",89171.3894736471
"1925",76798.5973362696
"1927",75759.0092335525
"1934",80841.0233469341
"1938",52303.8918755012
"1943",48073.0261208147
"1944",49336.5957224038
"1945",86111.0836960898
"1947",54018.568987493
"1948",51350.545395356
"1949",35337.4290133954
"1950",81537.2985532087
"1953",56238.8974916627
"1955",65868.5926052628
"1959",70423.6239587511
"1960",63270.2177098242
"1961",63005.426472143
"1964",47299.9729241003
"1965",59247.2695843325
"1966",37509.0186246653
"1968",49404.9444978642
"1969",57929.6385038562
"1970",58555.2745981723
"1971",47920.4737662532
"1972",77271.8956501222
"1973",51858.3869730716
"1974",86299.2607899093
"1977",66924.302646496
"1978",34743.453264894
"1979",58389.3509018078
"1982",46976.5385166734
"1983",30624.1274993336
"1984",45170.2186614204
"1985",41067.466816397
"1986",47988.8298830323
"1987",43862.251307004
"1988",52183.0308977863
"1989",85032.3610996344
"1990",72592.4705170937
"1991",69073.7877812908
"1993",84286.609242668
"1994",47583.9628403636
"1995",32788.140602968
"1996",48110.7996546398
"1997",65032.1770857515
"2000",51066.2982936951
"2001",85639.0393496084
"2002",56225.7668626195
"2003",65357.9597337786
"2004",26613.0167290511
"2006",35776.8509434515
"2008",57010.0999814937
"2009",49476.359534735
"2010",43739.9038896221
"2011",26462.6015887891
"2012",71559.928850717
"2013",35156.2632856393
"2014",30646.2214134031
"2015",49156.510446654
"2016",29051.2305081681
"2017",37248.6884554923
"2018",21544.4672180687
"2019",31406.0154072405
"2020",27382.3384150788
"2021",37824.9589796868
"2022",32774.5640263799
"2023",30769.0789626316
"2024",32399.8998014162
"2025",23117.4112269831
"2026",31301.0024210254
"2027",48755.8998506363
"2028",55042.7824485027
"2030",74132.8754989249
"2031",63780.5918866009
"2032",71278.4991382297
"2034",76599.4704191381
"2035",51464.7412140526
"2036",79870.144663636
"2039",87535.592336907
"2040",53437.3056494483
"2041",43803.8569229816
"2045",84173.8387789432
"2048",41113.6058290908
"2051",68752.5043311622
"2052",44055.2577352997
"2053",66314.4521549052
"2054",58483.8463097502
"2056",48202.2318225546
"2057",53562.2789237243
"2058",67510.2521895525
"2059",36376.5931060105
"2061",87843.4353280672
"2062",45676.5717609813
"2063",59928.3598074288
"2064",62589.2013775467
"2065",52020.1473214074
"2066",72539.8112703731
"2070",26054.1990146558
"2071",87774.4311258014
"2072",28024.0434361794
"2073",59889.2080606242
"2074",77169.0568222343
"2075",40919.6257848836
"2077",58544.5113337826
"2078",57299.123081952
"2079",46956.0532116613
"2081",81934.4650018442
"2082",55078.3253454585
"2083",42022.3413701402
"2084",76381.8810314132
"2087",34020.1051951789
"2088",69215.2076686193
"2091",89256.9412930513
"2096",53072.2652283905
"2097",64668.8544778075
"2098",71345.8927306806
"2099",57255.9574750069
"2101",55528.7258861406
"2104",51030.8657401381
"2106",27394.9189901215
"2108",56682.5899353161
"2112",52263.2901038796
"2113",55945.488312364
"2114",30156.4669042245
"2115",50218.2944476585
"2117",31228.6451692424
"2118",68846.5485697155
"2119",51401.2023627977
"2121",56122.6223222751
"2122",33421.6879909072
"2124",83709.3943813235
"2127",61979.7504691732
"2128",51729.0219526832
"2130",60207.1643541735
"2131",52057.0569725552
"2132",47189.1248953466
"2134",51278.0775544503
"2136",58353.585355027
"2138",62164.5279439174
"2139",83997.5576788431
"2140",59834.5930986562
"2141",71302.8785341573
"2142",43996.4471711785
"2143",44023.4099746742
"2144",42216.1390538805
"2145",49644.0130321785
"2146",67460.9718447936
"2147",45929.8573298344
"2148",35555.7445758813
"2149",34354.8682137981
"2150",35844.6290315479
"2151",45506.4843871143
"2153",35371.2896966923
"2154",39157.8729505841
"2155",29510.605344473
"2156",71422.1447672939
"2157",77956.0218729721
"2158",74368.6480291721
"2159",39238.7391374109
"2160",41284.1782140048
"2166",53391.7501274787
"2167",56055.4074182502
"2169",53622.9284497243
"2170",50870.7564529489
"2171",89190.3959637649
"2172",54981.8265943551
"2173",51167.1621203081
"2175",32790.0624277743
"2178",60959.4501044155
"2179",58898.5366023577
"2180",54300.4063966546
"2181",48779.5368421254
"2182",47854.9597517498
"2183",46601.9415323612
"2184",77635.6233843119
"2185",51198.0965748157
"2186",58189.141124215
"2187",71248.5186003823
"2188",63048.6146266957
"2190",49100.1843217394
"2192",68513.8102997591
"2193",66625.747244931
"2194",70606.1383777645
"2195",36970.1538570122
"2196",72958.1313729035
"2204",49792.3175045003
"2205",70311.4484445381
"2206",75807.7539584614
"2207",78134.2928539252
"2210",67539.6880949476
"2211",59539.2516968825
"2214",47514.1779450587
"2215",47700.0896584424
"2216",28070.6842620322
"2217",48777.0210451762
"2218",43987.9819490467
"2219",78973.3328857577
"2220",44375.7960513507
"2221",75348.5465570254
"2222",39358.744715873
"2223",56905.9599687818
"2225",35639.7743589268
"2226",46848.15347062
"2227",38564.8405591006
"2228",43045.4342922526
"2229",25774.2974567534
"2230",39257.9332475701
"2231",48722.3799068163
"2232",40822.8344946514
"2233",33637.2137284407
"2234",66756.5328089078
"2235",58214.0827268452
"2236",56694.8643497114
"2237",40418.1768879865
"2238",61576.709668773
"2239",31328.3053538332
"2240",42729.5182398723
"2241",33543.3274207064
"2242",41942.992815986
"2243",46346.7231281052
"2244",52136.2896347556
"2245",51409.3801811316
"2246",42587.1533242423
"2247",66427.1845324964
"2249",83209.2175524626
"2250",68847.5198204287
"2251",60198.63180764
"2255",83379.3892148168
"2257",81795.3716606335
"2258",54300.6007855802
"2259",51116.9114644746
"2261",78725.5721190573
"2262",62324.4450858991
"2263",64686.2644305833
"2264",80929.9800477511
"2265",41738.6639757111
"2266",45109.0965550031
"2267",41424.7934700939
"2268",45840.4031385574
"2269",62998.4050351219
"2270",40136.0584362137
"2271",75719.6573900571
"2272",80316.9162502838
"2273",50267.5330747364
"2275",56825.680210312
"2276",56817.2030407084
"2277",30318.1612322382
"2278",52437.5181539241
"2279",38694.3924651221
"2280",23720.0767616854
"2281",48119.5603940267
"2282",37033.3612243531
"2284",36996.3104389718
"2285",34413.6693171261
"2286",76441.6819703012
"2287",83890.5814363579
"2288",45854.3652314165
"2289",40519.6275101607
"2290",68608.8401854458
"2291",51917.1716847484
"2292",24800.584090722
"2293",52325.9313927729
"2294",63134.750431035
"2295",46374.5226144977
"2296",40542.1617854899
"2297",58164.3194500203
"2298",37581.5003705436
"2299",46976.1070842658
"2301",79454.8072224171
"2302",29459.6062902184
"2303",67712.3967167923
"2305",55883.6422371735
"2306",41665.4904314341
"2307",43649.3788691057
"2308",51556.2628895356
"2309",32441.9846268811
"2311",71359.650077439
"2312",45492.5035778992
"2313",49831.2711931015
"2314",45605.2488426008
"2315",60404.405901842
"2316",46274.5221386209
"2317",55382.102485372
"2318",29851.9427914496
"2319",30593.5065035355
"2320",56561.0366705182
"2321",64056.5018512795
"2323",46055.3010190334
"2324",44106.2319954655
"2325",43777.1504489953
"2326",33188.4750515081
"2327",33285.82234923
"2328",33660.9469991456
"2329",39323.9731754066
"2330",88592.9968227249
"2332",80145.6964333044
"2333",63324.4836513581
"2334",23126.6380585938
"2335",51636.3264836108
"2336",44903.7591122896
"2337",51643.3735706092
"2338",36046.3976680469
"2339",21845.6031705558
"2340",38031.1197295023
"2341",29638.115537746
"2342",52845.0917536833
"2343",57585.8127026714
"2345",27225.496217636
"2346",47122.8175059241
"2347",35385.2877967038
"2348",32281.0538253537
"2349",49906.4044053577
"2350",49905.8804900189
"2351",51847.0026610021
"2352",28789.2554770615
"2353",75178.506692355
"2355",28255.536604964
"2356",45563.9573515616
"2357",59681.7486126634
"2358",81914.1833008271
"2361",36514.7643742248
"2362",48832.2996661238
"2363",30989.6434301518
"2365",31830.213941274
"2366",24425.250129046
"2367",68610.2629294955
"2368",52070.4027076376
"2369",53618.2126420034
"2370",41869.8563804737
"2371",59079.7542807265
"2373",36981.9731897802
"2374",72097.7238474863
"2375",40335.7044168071
"2376",49365.5404985257
"2377",31638.6878344192
"2378",31562.0885324053
"2379",31115.7952689072
"2380",42892.2825817303
"2384",39999.1744478507
"2385",27055.6252133941
"2387",41536.1233725581
"2388",65917.3067905873
"2389",80934.5113782938
"2390",65786.4799193903
"2391",60724.5245737468
"2392",24738.1142759426
"2393",25409.8495012919
"2395",49054.3807107244
"2396",31123.2434889262
"2397",25753.6138505774
"2399",22961.0933120832
"2400",38923.8889004194
"2402",35813.7754797039
"2404",42998.2268560112
"2405",23592.690900534
"2406",26904.7096450394
"2407",25221.0355783061
"2408",26048.2258160099
"2409",45844.2104975637
"2410",68269.7981725681
"2412",76539.8104525098
"2413",41618.450022364
"2414",67445.4167218965
"2416",44506.0328654064
"2417",66840.2215662592
"2418",46825.8153797434
"2419",35562.7232368658
"2420",51114.9819339087
"2421",63303.3163759447
"2422",30329.5029735014
"2423",42982.5052351205
"2425",32116.7948898781
"2426",51994.7530023481
"2427",61705.851267198
"2428",88133.7254827111
"2429",60893.0000337195
"2430",55125.6471238504
"2431",60962.5769618368
"2432",42217.2259913171
"2433",34961.9295743513
"2434",26339.5226965783
"2435",77914.9166574014
"2436",56905.878496447
"2437",56413.3493281114
"2438",32683.5099929239
"2439",32461.1174066212
"2440",37247.3780960923
"2442",35193.8068310839
"2443",46876.9530787897
"2444",83691.6921756362
"2445",77325.8394442918
"2446",50487.2169439807
"2447",85824.9814810962
"2448",49860.3500078619
"2449",59513.5055872564
"2450",54691.6667280852
"2451",37355.9432106534
"2452",42929.1356761123
"2453",55269.549449628
"2454",31532.8769048621
"2455",64637.5876025106
"2457",33682.9265710645
"2458",34294.5412805902
"2459",87755.320529228
"2460",28354.6919982696
"2461",75807.926207477
"2463",72807.8807326408
"2464",46472.9168870088
"2465",67487.594683714
"2466",50930.2988591031
"2467",74547.4183393689
"2468",83846.0038529989
"2469",68309.2658675239
"2470",59205.4899826397
"2472",43282.2374461312
"2473",71906.610291946
"2474",58188.8959672759
"2478",52939.0081150808
"2481",72110.8106421372
"2482",56123.6113929625
"2483",52418.0326034852
"2485",73965.9642411829
"2486",50073.0748693532
"2488",55819.2949611579
"2489",70409.5056468501
"2490",64858.3756972246
"2491",49333.823390715
"2493",82050.4594553312
"2494",75704.7660908765
"2497",48310.0376118482
"2498",42020.6441903898
"2499",43301.3756501827
"2500",64445.5554812779
"2501",42166.1362873884
"2502",61546.7574728118
"2503",45500.4262898164
"2504",65416.5606594287
"2505",80408.3940103877
"2506",67435.802416514
"2508",39162.0521638493
"2509",32747.1795779806
"2510",59620.8210194152
"2514",57653.3964046055
"2515",54242.9594898821
"2516",89842.0720974286
"2517",77554.9141104418
"2518",52182.3118618769
"2519",54733.9519769518
"2521",86162.018404069
"2524",45975.3610226716
"2525",69311.0069937881
"2526",44284.3344427007
"2528",53930.3404594311
"2530",40796.9633994824
"2533",76304.3681803208
"2535",75692.1218607099
"2536",41484.9152495036
"2537",54397.5903392462
"2539",54490.0569215504
"2541",59451.9804335744
"2543",83002.0823713405
"2544",60618.4778642938
"2545",63801.2932317642
"2547",89774.3863302898
"2548",43494.576915595
"2555",21757.5056220195
"2556",38868.1824381183
"2558",34824.1843952201
"2559",28935.2305493828
"2560",63052.6351747337
"2561",40685.5680491305
"2562",39323.4396777942
"2563",71481.5028177502
"2564",30728.725488049
"2565",64296.2752735701
"2566",72947.1413844768
"2567",30998.0068300394
"2569",43859.9007012057
"2570",86085.8263100452
"2571",29148.0551946306
"2572",64211.7876360014
"2573",52868.6058413738
"2574",48933.699927982
"2575",32080.5653326177
"2576",25384.159092543
"2577",36736.8042303222
"2578",47781.6347998142
"2579",32852.5656010537
"2580",65940.0961290765
"2581",79364.2594490628
"2582",44178.7812304824
"2583",38246.9213310594
"2584",60832.8992953707
"2585",22672.1343959266
"2586",34474.9659107505
"2587",50113.9798262592
"2588",34299.432885124
"2589",27065.6365720586
"2590",44769.8906955473
"2591",73147.0011210101
"2592",50615.8842529746
"2593",48368.5882149126
"2594",40125.1163591546
"2595",25561.2193763724
"2596",55679.4211321385
"2597",46478.0411285755
"2598",36400.4483841321
"2599",30637.651309914
"2600",71881.5410983772
"2601",33129.0157107486
"2602",53625.9496103932
"2604",60959.5044634831
"2605",33999.5557896152
"2606",46274.6183340866
"2607",34764.5710763734
"2608",32876.2969952447
"2609",71216.3535093024
"2610",60485.7186491416
"2611",41025.1815270371
"2612",32343.0830359127
"2615",62099.659161018
"2616",38969.2050137087
"2617",52075.1274064804
"2619",24382.8472764487
"2620",41999.1567683695
"2621",56825.0107598169
"2622",31068.9769372276
"2623",21735.2872543481
"2624",36299.9150208076
"2625",22798.3547416827
"2626",77603.0969986153
"2627",64062.1372048247
"2628",43786.7052599792
"2629",49306.6149820893
"2630",29701.8467394389
"2631",41411.0292734645
"2632",22343.4041108452
"2633",28786.9416533172
"2635",56351.3673837884
"2637",34752.2373700467
"2638",68136.1108904368
"2641",57287.7751847325
"2642",39176.1450310035
"2643",57180.1241079343
"2645",56909.5404390141
"2646",22847.5679240137
"2647",74467.6094035195
"2648",35220.807720713
"2650",31945.3491210001
"2651",28623.1519906588
"2652",51456.3281072704
"2654",51968.4736785636
"2655",51963.671746335
"2656",78676.8614870568
"2657",49044.4816529596
"2658",43479.8306628863
"2661",65669.3042500083
"2663",65235.5192233007
"2664",41712.869217546
"2665",54748.0077381045
"2667",39086.2996156902
"2668",31537.4094584974
"2669",48754.1817108118
"2670",56868.1801980135
"2671",84878.4111190594
"2672",55955.3497321863
"2673",25911.8381355078
"2674",45201.1143358798
"2676",36233.2898067198
"2677",25379.7785190008
"2678",42039.5569744837
"2679",66019.2894820509
"2680",52449.8153239206
"2681",40634.5803726765
"2682",46124.128773828
"2683",31783.8341753271
"2684",59893.090571272
"2685",22743.5286751905
"2686",36440.4693136818
"2687",62688.2623709137
"2688",52093.4082942717
"2689",25706.1990168197
"2690",48830.4743634938
"2691",26701.7846272277
"2692",30850.9612551894
"2693",34302.8100348153
"2695",45303.8309511206
"2696",26647.5699856483
"2697",34311.813117752
"2698",47607.3231551972
"2699",30899.3004433917
"2701",33251.9389130952
"2702",62022.5482583412
"2703",27292.9535057042
"2705",33914.040668515
"2706",74030.2636435611
"2707",41619.2811594691
"2708",43035.1260689969
"2709",40878.1693079239
"2710",28795.8027893885
"2711",45144.1566413732
"2712",34517.1968842996
"2713",68431.0111965426
"2715",52707.9192194167
"2716",49213.3438495325
"2717",33523.4922396686
"2718",36818.8757737114
"2719",31070.2493724679
"2720",34576.1902975721
"2721",41319.991102482
"2722",30587.3717020296
"2723",21499.6631536333
"2724",42218.5217518297
"2725",48220.9617574972
"2726",48568.2776222008
"2727",28452.3061474129
"2728",23971.9630360048
"2729",35448.6417198263
"2732",42777.196296267
"2733",51945.9643188035
"2734",30786.3575686777
"2735",45592.0370246768
"2737",34716.6631558417
"2739",22883.8014367691
"2740",26903.9528874373
"2741",45563.5552411723
"2742",65300.8931646895
"2743",28392.9521766951
"2744",37740.3991658395
"2745",36248.764518401
"2746",41953.6789307399
"2748",43150.8717367606
"2750",31733.6091694709
"2751",32072.426375319
"2752",27424.5312620009
"2753",78233.9267811374
"2754",70328.1817297435
"2755",68833.5534076338
"2757",42277.5873008873
"2758",33390.7302111272
"2759",35603.7544833942
"2760",29809.22668261
"2761",33029.6994894846
"2762",32062.0412858816
"2763",60209.9985482224
"2764",28431.0401493617
"2765",23228.4501373583
"2766",48344.5470312899
"2767",66329.1593036182
"2768",87927.8341952391
"2769",51154.3763914671
"2770",35879.7745890045
"2771",39589.4076466976
"2772",30696.1750831652
"2773",38137.2727053789
"2774",51068.0906077923
"2777",40107.7598285712
"2778",24288.6877561063
"2779",43547.9526738162
"2780",33501.9117622826
"2781",46429.2597863496
"2782",24011.2159543954
"2783",58888.6885205999
"2784",32262.4092805107
"2785",51443.7487553202
"2786",74041.8462595577
"2787",67862.4164345624
"2788",54958.6123493819
"2789",51003.5354483393
"2790",43109.6470814386
"2791",50436.1040795166
"2792",43821.9625891576
"2793",38353.8168328547
"2794",45162.5923631402
"2795",33371.71605298
"2796",24698.0368273574
"2797",28971.0051060026
"2798",49333.2046272465
"2799",39078.5300664652
"2800",24129.9285857341
"2801",36876.4100685778
"2802",60092.4799766324
"2803",33823.3169363739
"2804",49794.3459656976
"2805",52494.3346359736
"2808",58969.9401804411
"2809",24119.9335782274
"2810",78356.5070785126
"2811",33388.6307157571
"2812",29477.6716265428
"2813",37521.7314428196
"2814",66267.6461783949
"2815",34528.1466266248
"2818",74232.5296895332
"2820",54385.9381578931
"2821",86860.5140520115
"2822",22156.1253975457
"2824",56057.568122559
"2827",35503.1679463645
"2828",72553.8382414487
"2829",25392.3994238951
"2831",49761.1414408511
"2832",38378.0334433232
"2833",70917.3021670807
"2834",54951.8477305544
"2835",46363.926784977
"2836",77794.3944239323
"2837",86709.1065389885
"2838",79737.8338827072
"2839",35569.6411398658
"2840",89084.1070377688
"2841",50854.6182847553
"2842",36108.0771670202
"2843",29216.5102797713
"2844",67415.043086262
"2849",62440.3893410439
"2850",84964.6518424862
"2851",69890.9202555092
"2852",70492.0480533532
"2853",67368.4606936889
"2854",32396.0554578888
"2855",82597.5611712759
"2856",52379.8061912573
"2859",70580.023513486
"2860",30421.5651612049
"2861",41809.248161694
"2862",27221.5543745634
"2863",44434.6461299284
"2864",40203.7929328784
"2865",28293.9219309061
"2868",70362.0762574616
"2869",76679.976005263
"2870",45533.8473867552
"2871",57899.0726825208
"2872",30994.5346674816
"2874",68174.8568170809
"2875",49302.5037061536
"2877",23592.2434436793
"2878",29126.375748883
"2879",27086.7708994327
"2881",35752.0578136102
"2882",27256.4633772223
"2883",45559.6934448748
"2884",37977.2205068964
"2887",63928.0683214241
"2888",69222.8216117302
"2889",65855.3114244495
"2890",23663.185087501
"2891",51730.4969740562
"2892",30218.2862710821
"2893",69654.4738278243
"2894",28215.6495898093
"2895",54676.4014119146
"2896",36399.8732093321
"2897",65724.4854119042
"2898",27859.1549695995
"2899",45073.9182547376
"2902",88167.2841633227
"2904",52800.8785617843
"2905",50263.6930134146
"2906",64386.6490079082
"2907",43459.5017011598
"2908",62164.8308024912
"2909",65445.9952607443
"2910",49826.7902256381
"2911",36795.9656076414
"2912",57648.5681284849
"2914",39100.9139115046
"2915",50302.0706335971
"2916",28752.3050478713
"2917",37495.9145419812
"2918",32471.1863454401
"2919",77699.1523670761
"2920",80281.3473389098
"2921",46000.8748219756
"2923",70410.8107899323
"2925",88962.6114313489
"2927",28125.9390690231
"2930",25381.3879029599
"2932",54474.0239614248
"2933",80598.945685936
"2934",47751.0609837387
"2935",45570.3985594388
"2936",81751.27521934
"2938",47130.3049136888
"2939",53825.537889352
"2940",24870.2191281715
"2941",58368.596993104
"2942",41974.0960122052
"2943",88124.482788627
"2944",25522.3175573971
"2946",23203.0641369865
"2947",29421.2959972007
"2948",26981.529434147
"2949",24388.9879909504
"2951",30915.4671154453
"2952",77296.4188721923
"2953",33035.8850185106
"2954",38128.3517077049
"2955",44233.1273402717
"2956",70509.7462630521
"2958",27073.2574865209
"2959",36079.649537353
"2961",65914.298803246
"2962",54868.2335579365
"2963",60091.4564485959
"2964",55958.3536020589
"2965",54899.7525265571
"2966",72315.4928255455
"2967",20300.5465653055
"2968",27172.5606182074
"2969",76159.4366187414
"2971",84666.466545673
"2972",33047.427590873
"2973",53618.7922204893
"2975",37254.5412370183
"2976",57641.0072403621
"2977",43795.9178194133
"2978",84731.9772553395
"2979",33248.1198523409
"2980",35947.7596669197
"2981",74219.1218923868
"2983",49808.825366985
"2984",39647.377572427
"2985",51161.9418075193
"2986",26043.673322926
"2988",31686.6725401458
"2990",75398.0710813546
"2991",36079.9267054561
"2992",56696.6615589422
"2993",45920.6172871659
"2994",54423.3649554955
"2995",23603.8422083666
"2996",31521.3908920287
"2997",81715.5951031522
"2998",48502.1792610847
"2999",73955.6418295007
"3000",53312.2121632827
"3001",53043.1517160836
"3002",38415.861986874
"3003",57878.4494266318
"3004",75148.2128200416
"3006",75458.6510419982
"3007",42227.233151526
"3008",40279.6605980897
"3010",64967.5824146054
"3011",26435.5199989635
"3012",24083.6212417895
"3013",28920.9594419937
"3015",22791.7197578079
"3016",40910.1386277752
"3018",32137.8457846534
"3019",26852.1973213045
"3020",36920.5068393452
"3021",20514.4193274482
"3024",34838.1512589692
"3025",43425.8237860273
"3026",34923.1702341823
"3027",35232.5187890632
"3029",31715.6842329717
"3030",44578.1895695443
"3031",32038.4020911679
"3032",41703.4816389637
"3033",40141.2628487989
"3034",32844.4888300624
"3035",41153.4950879635
"3036",21754.7989434487
"3037",20576.922622208
"3038",61281.2601240618
"3039",38204.4419794845
"3041",74997.3160867599
"3042",29759.7426528693
"3043",26212.3499407085
"3045",44972.2949381201
"3046",35823.562968214
"3047",39372.7138233401
"3048",39248.4446216453
"3049",83443.3439222232
"3051",84663.574326042
"3052",58176.3714630777
"3054",20606.9714213323
"3056",23535.9536931211
"3057",22472.0772113547
"3058",32441.5255492653
"3060",31525.6090068224
"3061",70142.6336329181
"3062",25272.3815307571
"3063",58736.0046573351
"3064",35612.5233390014
"3065",64630.7793545212
"3067",71491.588191477
"3068",50417.1550858031
"3070",62232.0953351872
"3071",38951.7694542124
"3072",32274.1703824661
"3073",43007.904692274
"3074",72861.7154065041
"3075",37382.652130825
"3077",57236.5793358605
"3079",33757.1944750837
"3080",24429.3933351588
"3083",63332.7344236354
"3085",24987.2855934971
"3086",64530.0522961858
"3087",32935.1259085179
"3088",39731.5333183842
"3089",58020.1200976779
"3090",52830.7318731341
"3092",82868.7914973597
"3093",38083.8440596697
"3094",45975.0880557873
"3095",62710.3074339771
"3096",30595.179053934
"3097",47234.508905472
"3098",36754.3923018526
"3099",38599.6593225463
"3100",28208.3796937754
"3102",49174.1598486034
"3103",83409.5004892292
"3104",74207.2152957686
"3106",68586.7253978156
"3107",33005.2057109131
"3108",46122.8447988135
"3109",31086.1074376888
"3110",29056.3523440431
"3112",52286.174827966
"3113",46729.2409883141
"3114",21887.7349732762
"3115",26229.4650268873
"3116",72139.9334155335
"3118",40152.0529862584
"3119",22924.5239522213
"3120",22853.5660787222
"3121",76141.6133830062
"3122",47092.6473123109
"3123",43676.2669691508
"3124",37945.5741498045
"3125",25841.7046302295
"3126",22406.390054217
"3127",31284.5485504043
"3128",60657.7008127713
"3129",50391.8312717388
"3130",22558.1606546205
"3131",34235.5411821835
"3132",29368.1660088465
"3135",24216.0919947882
"3136",33537.4950295833
"3137",34395.0745629278
"3139",33935.5267459624
"3140",32979.5081660759
"3142",20166.2838249203
"3143",23979.6464634852
"3145",45082.2732954443
"3147",51257.4847626853
"3148",22486.778282335
"3149",55089.4193216237
"3150",21653.4494091106
"3151",59275.1072001151
"3152",56525.0416700612
"3153",39178.0180048037
"3154",43063.2628308189
"3155",27127.9512289148
"3156",38881.7429092725
"3157",77260.903623208
"3158",22675.8504518375
"3159",51275.9843825368
"3160",23521.7729491888
"3161",36293.4177853425
"3162",36236.4921019999
"3163",39571.097318171
"3164",26979.2286594868
"3165",40805.433638228
"3166",33256.2100801139
"3167",27222.4089179278
"3168",40072.6464470156
"3169",32735.8554137309
"3170",48924.3370625017
"3171",37698.2280538931
"3172",33827.0110548419
"3173",34346.3465563808
"3174",47103.3498997029
"3175",34590.3705528201
"3176",27675.8682167279
"3178",46090.1230035659
"3180",71502.3458290881
"3181",29841.8292028434
"3182",51361.6706887705
"3183",86321.8726685916
"3184",49386.3690324565
"3185",48122.2425269957
"3186",29352.1363507945
"3187",30847.1702905975
"3188",42210.0233791914
"3189",47532.7056638358
"3190",27327.7862551093
"3191",51738.686375421
"3192",49101.4647922131
"3193",61517.808457741
"3194",22551.7795540698
"3195",57992.3465879733
"3196",41767.4285973538
"3197",51046.2257047345
"3198",32355.0037022405
"3199",80828.8494129734
"3200",54714.3653386768
"3201",22286.4823425042
"3202",29840.2614528153
"3203",38283.1603491129
"3205",43320.9967080766
"3206",29093.5069091694
"3207",59322.6882023925
"3208",52503.5712955816
"3209",37993.9035100095
"3210",34082.823717458
"3211",23168.1227964529
"3212",66812.034487378
"3213",61467.688333242
"3214",68457.0658375409
"3216",32120.3991740672
"3217",25056.7276270874
"3218",38049.6610265413
"3219",21871.2107191403
"3221",47595.65792476
"3222",65946.4343321103
"3223",37838.1476370754
"3224",36061.2956578881
"3225",22096.6355549321
"3227",39379.4788903586
"3228",29637.9201309582
"3229",32284.5281506427
"3230",26066.7038251292
"3231",37772.9874138962
"3232",60628.0020114499
"3233",20471.8105461511
"3234",34555.8465749845
"3235",60475.6748743788
"3236",24919.9114113171
"3237",29833.2086580515
"3238",20372.891175702
"3239",23039.8745214405
"3240",69730.7896033116
"3242",28677.3534211803
"3243",45773.0801348516
"3244",45053.2563025505
"3245",76212.5162495429
"3246",38117.2337988658
"3247",20717.6396600478
"3248",29524.0992661271
"3249",36010.6961058639
"3250",57029.5170681885
"3251",41609.6451623676
"3252",27676.2297947986
"3254",76934.5254532348
"3255",26821.6392057287
"3256",37954.7288861236
"3257",29175.540447412
"3258",44042.1435411643
"3259",43195.6907672875
"3260",55351.8707183793
"3261",33010.9737962542
"3262",23644.1085000857
"3263",26000.7485529841
"3264",61943.2080256378
"3265",46438.5806939515
"3267",58356.1350829108
"3268",34756.9630085281
"3269",20272.3826469597
"3270",26417.5391563568
"3271",24193.7326576203
"3272",41579.1531481008
"3273",37820.7544864117
"3274",34831.8397265381
"3275",26779.3650484455
"3276",24251.2982292424
"3277",26624.292247525
"3278",36036.8308718609
"3279",44537.730441466
"3281",71762.886697851
"3282",28427.6407760104
"3283",42822.0267855813
"3284",26051.9647085088
"3285",41164.4922962286
"3286",47682.5836372078
"3287",54667.4225938888
"3288",89889.6278224593
"3289",40216.5084861983
"3290",40950.8071946206
"3291",53131.660960046
"3293",54171.1449535441
"3295",54479.582327308
"3296",22643.2180426778
"3297",28403.1834527822
"3299",32668.0519618745
"3302",41452.0050215828
"3303",26005.0471627439
"3304",59072.9959476253
"3305",33804.3317330409
"3306",39731.3834605289
"3307",37085.1937404177
"3308",53259.3702321478
"3309",20494.1718003263
"3310",22240.6726942499
"3311",21464.6075546993
"3312",46459.001201734
"3313",35861.7762531342
"3314",74961.6313699456
"3315",52058.5240047146
"3316",24376.1139776337
"3319",51748.7287678808
"3320",29125.1091861452
"3321",31775.3876723146
"3322",46988.7757845738
"3323",57986.0096917822
"3324",41352.7862593705
"3325",27896.6527231511
"3327",22069.2161604993
"3328",27742.3532362208
"3329",24976.9946610378
"3330",62320.3497966803
"3331",48478.5354197245
"3332",50147.6870229165
"3333",35776.3017885961
"3334",29646.4958207324
"3336",29246.4464512854
"3339",66377.3357468549
"3340",24340.5126041415
"3341",27102.966769261
"3342",22047.6167615267
"3343",26242.6785593515
"3344",44903.3234032029
"3345",43313.0425979234
"3346",35720.5900639574
"3347",39816.1386434337
"3348",81868.1977020758
"3349",47802.900757372
"3350",57920.4760645408
"3351",29263.4675424598
"3355",56486.1663541883
"3356",71873.2738506986
"3358",79481.0894461042
"3359",62565.9850535925
"3360",57610.9524067617
"3361",49136.1652985067
"3362",63480.0596127737
"3363",43090.2037778586
"3364",30189.3429637767
"3365",36447.0736742222
"3366",51545.3195111604
"3367",21410.6657990173
"3369",25482.0816460518
"3370",42502.3859104116
"3371",29923.5467119479
"3372",45477.3784185933
"3374",30491.4343854905
"3375",55397.972949019
"3376",20423.9294986892
"3378",37162.5141600853
"3379",62016.1696067389
"3380",52360.1252340306
"3382",24490.1137766145
"3383",72317.2149613583
"3384",26817.383412499
"3385",50854.6267276863
"3386",58508.5506287011
"3388",41039.6809515232
"3389",47015.4824610273
"3390",40950.4041445927
"3391",66422.5829859393
"3392",33324.1753805541
"3393",30232.9154924946
"3394",59664.1631143249
"3395",31019.0461040536
"3396",42128.2170564334
"3397",28346.3172233447
"3398",28372.4634481291
"3399",20390.2414693422
"3400",45061.9378915442
"3401",37733.8291006746
"3402",39142.6611375926
"3403",30089.9954252634
"3404",33955.9891333996
"3405",35178.6671943709
"3406",34473.1920295554
"3407",23407.107409484
"3408",28602.1528035356
"3409",41344.5597924976
"3410",27761.1268030885
"3411",23905.5110483014
"3412",31603.241745857
"3413",53806.9397088365
"3414",41787.0059800659
"3415",37518.4055930828
"3416",42485.5530494432
"3417",25573.2215987851
"3418",21971.7037931068
"3419",26690.5508264348
"3421",48544.5897817114
"3422",45235.0175522528
"3423",31192.856424196
"3424",20782.8092630334
"3425",36173.0129098804
"3426",27579.0258317715
"3427",28824.3312639312
"3428",40734.5283282694
"3430",20067.5917104493
"3431",39897.1095063875
"3432",36046.0148869416
"3435",25676.232019504
"3436",41892.1706196633
"3437",83828.4406215772
"3438",38179.8123290171
"3439",42502.6912151706
"3440",20100.5629853351
"3441",47936.3806852436
"3442",32578.6496807167
"3444",81511.7997660161
"3446",24239.4653991994
"3447",57522.8315734464
"3448",42383.7207450128
"3449",32838.8732972488
"3450",39168.1682085057
"3451",40623.2366766758
"3452",28385.717512912
"3454",80071.7083948238
"3455",45501.2135115424
"3456",37239.0847962655
"3457",82865.365375182
"3459",67850.2302264192
"3460",43837.8415739592
"3461",23164.1151787819
"3462",29206.3646518535
"3463",27983.8529241388
"3464",24351.36445157
"3466",25687.2625958518
"3467",28566.2467910518
"3468",26480.9675118217
"3469",31438.0154870156
"3471",44335.2049787241
"3472",41417.0509305282
"3473",20357.0702315916
"3474",27495.260547295
"3475",75452.5608271651
"3476",46648.2878766935
"3477",77638.8570957004
"3478",34245.8754754598
"3479",27691.1098122746
"3480",23127.8219382502
"3481",25101.7763721234
"3482",21252.8229224719
"3484",58104.4390923942
"3485",37562.9435528509
"3486",40203.8162732599
"3487",24944.0661745345
"3488",45829.8441061999
"3489",59813.4816257424
"3490",61867.8373368178
"3491",41230.478735995
"3493",29078.5472368142
"3494",43182.78667216
"3495",46259.6817035498
"3496",47563.6254940718
"3497",42027.2760087804
"3498",34576.7576547148
"3499",53243.2541784798
"3500",61730.7428513321
"3501",22288.7624556534
"3502",27197.363507405
"3503",34640.6663622345
"3504",30230.9655433783
"3505",28532.2308660816
"3506",32027.6248531647
"3507",31787.4518071634
"3508",47172.9577497178
"3509",57410.7203801244
"3510",40740.855573546
"3511",29519.7234758208
"3512",42260.2335555456
"3514",27354.0429193886
"3515",50405.5014074861
"3516",30478.3540886156
"3517",34834.4540560037
"3518",39642.03811845
"3519",50103.4812251755
"3520",33030.5792469812
"3521",36363.1091084497
"3522",40777.9638553317
"3523",36544.5273749571
"3524",31589.5409709735
"3525",26880.9123266222
"3526",39077.1676068247
"3527",49854.0311087278
"3528",21165.2061460337
"3529",43749.7187549956
"3530",78467.6087222456
"3531",37223.8150887547
"3532",33392.3849943909
"3534",27339.6119209165
"3535",25151.2540811708
"3536",36679.5602892325
"3537",36450.7258848879
"3538",22561.9206410197
"3539",34343.8001079496
"3540",43237.4183092332
"3542",46412.2379731129
"3544",29451.6916258805
"3545",39393.6187876075
"3546",44302.2198393591
"3547",42028.3067943855
"3548",52581.4898199699
"3549",21764.0925826291
"3550",35146.7820943659
"3552",28795.0811953963
"3554",36188.9063411784
"3555",25484.1978316361
"3556",45026.8621197836
"3558",35215.8447299114
"3559",47822.3526809659
"3560",23464.8888311361
"3561",76595.7020632828
"3562",84436.8881617024
"3563",51757.8921214504
"3564",43052.9076859103
"3565",30190.7649047772
"3566",66695.0063257621
"3567",44063.077578963
"3568",25977.9441365057
"3569",30561.8477226333
"3570",36098.1972079247
"3571",22743.3389075271
"3572",21720.7995872126
"3573",65465.2790988113
"3574",22791.7858309694
"3575",48077.9875110445
"3576",23749.3856581591
"3577",20196.2676771873
"3579",32543.0176557426
"3580",57730.2639177227
"3581",22898.9875339056
"3582",30609.2638604704
"3583",29815.5589445005
"3586",27542.6766851321
"3587",37854.65587911
"3588",49063.4185495734
"3589",41857.1963839297
"3590",64697.3438229703
"3591",34355.1387496063
"3593",37116.6133858185
"3594",39448.2504246808
"3595",49589.1192082028
"3596",22185.6838951378
"3597",34876.7162658151
"3598",32624.4497185499
"3599",26535.599148895
"3600",31357.6142098135
"3602",29183.68736854
"3604",48289.2985601014
"3605",23314.3941327833
"3606",24086.452551045
"3607",26070.7148409698
"3608",26576.8305731012
"3610",39452.3735671014
"3611",22946.4036717428
"3612",31526.663049059
"3613",50089.0502267033
"3614",26756.1872683983
"3615",51345.5778793882
"3616",85184.2077254403
"3618",32409.0155270723
"3619",31883.3148684429
"3620",22913.4185323778
"3621",32871.8382637872
"3622",22688.7072704538
"3623",22615.5214924878
"3624",39389.4956451869
"3625",22065.0819793346
"3626",27641.6321032271
"3631",26652.0779222776
"3636",45223.7421703683
"3640",22399.0565154051
"3641",46637.980020642
"3642",29904.2065065439
"3645",37075.3819616123
"3647",26477.8751550063
"3649",22143.4216853264
"3650",73596.1159522797
"3656",26772.6798380808
"3659",34905.5782627595
"3660",21412.594691271
"3662",36182.7216275474
"3663",35300.3691495341
"3665",21234.2687815791
"3666",22367.1021616452
"3667",28173.5174754874
"3671",23462.8272599258
"3672",53124.7138338869
"3673",34355.1387496063
"3676",74296.0193781804
"3678",25807.864511655
"3679",33620.1886131303
"3680",22041.373910416
"3681",33721.2056024355
"3684",23478.2890440031
"3685",23764.8474422364
"3686",24543.090574129
"3687",22578.4132107022
"3689",21270.3462777595
"3693",30653.5876414921
"3694",20917.8176007963
"3698",32555.3870830044
"3702",25122.3920842265
"3703",27334.4579928907
"3704",32505.909373957
"3705",51492.9802209254
"3706",28486.8762994548
"3707",20956.9874537922
"3708",51539.3655731574
"3710",21800.1700788096
"3712",60738.0963135671
"3713",36455.8798129137
"3716",23436.0268341917
"3717",22295.9779548895
"3718",20716.8144077909
"3720",26855.1426864933
"3724",35281.8150086413
"3725",62704.8352482043
"3726",37833.0093814017
"3727",21978.4959885015
"3728",28915.6831111996
"3729",32330.6758210805
"3730",25297.625637103
"3731",22369.1637328555
"3732",27780.7881599231
"3736",41496.4214221252
"3740",20446.7485792401
"3742",64481.9096314927
"31",5711.93478491698
"38",5711.93478491698
"79",5711.93478491698
"86",6665.34059748694
"121",6787.42434404085
"135",18901.3623109872
"199",5711.93478491698
"200",12841.5922273763
"220",5711.93478491698
"239",5711.93478491698
"273",5711.93478491698
"335",5711.93478491698
"357",19712.2104092983
"366",5711.93478491698
"377",5711.93478491698
"379",5711.93478491698
"383",17831.4111350412
"446",5711.93478491698
"475",5711.93478491698
"476",5711.93478491698
"477",5711.93478491698
"478",5711.93478491698
"479",5711.93478491698
"480",5711.93478491698
"481",5711.93478491698
"482",5711.93478491698
"483",5711.93478491698
"484",5711.93478491698
"485",5711.93478491698
"486",5711.93478491698
"487",5711.93478491698
"489",5711.93478491698
"490",5711.93478491698
"494",5711.93478491698
"495",5711.93478491698
"528",5711.93478491698
"804",19578.2886136203
"847",5711.93478491698
"944",16511.5957010363
"1005",18809.6017182715
"1042",14895.6936879234
"1152",17227.2630351799
"1189",5711.93478491698
"1190",5711.93478491698
"1191",5711.93478491698
"1192",5711.93478491698
"1193",5711.93478491698
"1194",5711.93478491698
"1195",5711.93478491698
"1196",5711.93478491698
"1197",5711.93478491698
"1198",5711.93478491698
"1199",5711.93478491698
"1200",5711.93478491698
"1201",5711.93478491698
"1202",5711.93478491698
"1203",5711.93478491698
"2354",19523.5741973696
"2359",19811.1198707632
"2360",15756.0729956979
"2394",18022.850547717
"2398",13457.8804195402
"2401",14680.9390206621
"2403",12268.5201239537
"2554",19359.6341449149
"2557",18473.0028751102
"2640",11575.2314562619
"2644",15495.9079366889
"2653",17228.7995084522
"2694",18111.0307944439
"2700",19317.3493847327
"2736",16372.3968278102
"2738",17016.8877183682
"2775",17736.0949066754
"2776",5711.93478491698
"2806",18732.0718221066
"2807",14431.7874805825
"2857",18887.8740593682
"2858",19823.2508289834
"2873",18150.4600360622
"2876",16493.6541271621
"2880",14252.2902234864
"2885",13796.5277443343
"2886",17059.4481373436
"2926",17787.665463689
"2937",16577.645905061
"2957",18152.5892988782
"2970",14084.7790401123
"3009",11946.5993937045
"3014",15752.5723292801
"3022",13729.8727628006
"3023",16416.0327254347
"3028",14567.2496645343
"3040",18352.950972814
"3055",14497.422727601
"3069",18960.5525593704
"3078",19423.8413883092
"3081",12946.9461178051
"3082",17354.833295286
"3084",19089.8890354054
"3101",18443.7705737101
"3111",18514.8991841518
"3117",17268.5775652743
"3138",18333.2401238978
"3146",17258.6304718984
"3220",12824.7807746729
"3226",14129.8702221284
"3241",5711.93478491698
"3253",18399.6376338166
"3266",12397.0764361274
"3280",16688.562033118
"3294",18395.072947537
"3300",19212.6486773912
"3335",14821.1915160813
"3337",15095.0791377888
"3338",19541.027741577
"3352",19682.8391363959
"3373",17523.3910862451
"3377",18816.3300842227
"3381",17645.6720351139
"3420",10304.7638128978
"3429",18696.0944363934
"3433",19472.1389830741
"3434",15105.4266297771
"3443",18246.7126905879
"3445",18593.3754559543
"3453",19992.7122195435
"3458",5714.28702150544
"3483",18646.9969126382
"3513",18681.0128376084
"3533",16642.1189106103
"3541",18133.6656812707
"3551",12817.9043154826
"3553",12864.2896677146
"3557",19167.5436432419
"3578",15024.816296121
"3584",19083.0192236191
"3585",15380.4373298997
"3592",19498.4258224969
"3601",19880.8472820096
"3603",17103.9108617201
"3609",11996.3681881735
"3617",15693.7961538671
"3627",13136.4170674757
"3628",12907.5826631311
"3629",18979.9406631035
"3630",11290.2800486418
"3632",12477.7450657812
"3633",17854.3227822735
"3634",9514.23645095849
"3637",12812.7503874568
"3638",19864.3547123271
"3639",16747.2590423362
"3643",9441.05067299243
"3646",8009.28946743113
"3648",15169.1262808428
"3651",13882.7058456085
"3652",11276.8798357748
"3653",19172.6975712676
"3654",15919.5382013962
"3655",19937.5404902932
"3658",17135.8652154799
"3661",19464.4098975267
"3664",10967.6441542281
"3668",12368.4817916347
"3669",10655.3161158659
"3670",14144.525389318
"3674",11033.614432958
"3675",12517.9457043823
"3677",15256.743057281
"3682",18365.5924424307
"3688",9610.09951223797
"3690",15464.9617495225
"3691",18896.4470290859
"3692",19137.6508606923
"3695",11854.119774662
"3696",13818.7971380888
"3697",8843.19502200211
"3699",19328.3461976462
"3700",12797.2886033795
"3701",13803.3353540115
"3709",14996.9850847818
"3711",14433.1453587616
"3714",12793.1654609589
"3715",19757.1530093909
"3719",16393.6995797678
"3721",12181.9095971015
"3722",19124.2506478253
"3723",13598.2090185855
"3733",17491.4862492587
"3734",18872.7389601673
"3735",9272.00183374689
"3737",13310.619834747
"3738",11307.8034039295
"3739",18430.5319355555
"3741",8908.13451512692
"3743",15780.3821447001
"3744",9009.15150443218
"3745",10052.3065368498
"3746",14566.1167018267
"3747",19578.827099699
"3748",14773.304608463
"3749",16500.901282704
"3750",14445.5147860235
"3751",14389.8523633451
"3752",18213.0361728677
"3753",9770.90206664226
"3754",9390.5421783398
"3755",9899.75026728673
"3756",15748.4277909403
"3757",10341.9572918985
"3758",8686.51561001844
"3759",9103.98378010651
"3760",8269.04743993037
"3761",9524.54430701004
"3763",14357.8980095852
"3764",14351.7132959543
"3765",16301.9596609089
"3766",16566.871561434
"3767",14682.5954752093
"3768",13581.716448903
"3769",9804.9179916124
"3770",8420.57292388826
"3771",11012.9987208549
"3772",18797.491610991
"2",98883.6883241693
"3",149531.911794314
"6",123075.212939109
"7",154773.677207869
"8",134521.989663042
"13",115161.418276011
"25",106381.514548891
"27",126138.785844143
"40",99865.6830425559
"43",152524.326694191
"58",170016.386559425
"59",123733.367429908
"60",142074.631883298
"63",106266.263396224
"71",187291.698768648
"77",130631.027886903
"84",131702.455715012
"88",122239.09509682
"91",99491.2066428639
"92",126129.128724993
"93",125549.712303074
"99",143994.158243599
"101",140403.419076099
"104",93239.1761614168
"107",135649.581929455
"108",114538.737969936
"112",169140.321637912
"115",100606.740130099
"124",106409.099299212
"137",98246.9262047939
"143",116996.455324697
"144",127821.711309988
"145",110883.040592956
"148",103891.69812061
"150",136223.500546535
"151",99910.216667279
"157",106680.634967785
"159",126823.974826031
"162",90225.159459639
"170",142894.944510123
"177",115875.534624508
"183",99426.3335345021
"193",149517.342480524
"194",97162.3838530755
"204",157057.15782393
"208",107879.800369388
"210",128342.585936214
"213",149423.681471267
"215",102858.661288478
"219",177379.317413051
"222",114566.886028572
"225",147585.334267818
"229",136407.665864722
"236",122059.680783639
"242",128858.838992685
"248",91162.1145821812
"250",98555.6581156808
"253",117019.899930781
"254",150202.883944132
"262",93216.6212959808
"267",169018.513917356
"274",129512.99030723
"279",154878.27939504
"280",115171.489577265
"292",121855.942246229
"315",95178.6104919626
"319",106013.101098374
"320",164887.417953487
"337",154526.637882769
"343",155272.487727965
"344",99047.2663503624
"348",116300.634957089
"349",132579.127128574
"364",90476.415635946
"370",137190.216983417
"372",133643.211947495
"385",114307.909891217
"386",113788.867746966
"388",104654.409414384
"394",104685.295058379
"405",106921.611219466
"407",118659.436489198
"414",159860.427154933
"419",104648.585463429
"421",116635.586289664
"422",99161.8510683905
"428",90896.895991831
"429",147231.137244438
"433",94888.6998596071
"434",168523.135229965
"435",164582.791448797
"441",93040.9957441664
"442",172865.19012285
"443",123416.289080456
"459",94324.4700921497
"464",90005.1269831845
"465",101988.948555958
"466",148050.406565752
"472",119744.580067864
"473",124225.106028424
"502",94923.4119866618
"504",97952.0583580431
"506",93037.4927125503
"510",113919.661791604
"512",92997.4294956483
"513",99170.6946707049
"524",118229.2750732
"531",114959.498113136
"535",128493.159174796
"536",107906.773694796
"537",100560.671868124
"546",97204.3023885404
"547",126660.31202543
"561",138299.339275945
"563",170471.928346253
"564",161494.204475874
"569",164897.44884943
"579",117164.257338186
"581",101804.142739328
"582",92249.0284997721
"583",90224.3035717018
"584",128016.09966656
"591",96038.6128883708
"592",103781.534551699
"595",107636.645596188
"610",118089.29028509
"611",167587.525820554
"614",138659.66307665
"615",93073.3719857905
"617",92675.5055848057
"624",129269.18802374
"629",129104.971129893
"631",119226.610588873
"634",98845.3745238477
"637",138377.228306759
"640",175972.786396517
"644",139926.095613582
"647",98088.2080986813
"653",132877.333839179
"654",111220.422705111
"656",175445.492956336
"659",127702.608720962
"660",149626.890180343
"661",191908.609069906
"664",161717.968101338
"665",118711.584748183
"666",127629.750309441
"669",147354.707751843
"671",117831.877332105
"681",124231.074866641
"684",120465.950771106
"691",107362.606607315
"705",109180.659225401
"706",128751.060935113
"707",92130.4949645568
"716",104201.947828906
"724",103454.127513128
"738",161362.413571039
"740",94030.1885090189
"741",130333.373028589
"742",117545.246266145
"744",158767.266699081
"746",91482.5494856913
"747",124956.136747955
"748",121791.541224074
"751",109842.823288608
"754",100780.429093483
"757",110202.308157172
"762",90134.2981843186
"766",128849.415039747
"768",121290.813366607
"769",92767.9121812638
"770",120847.871316605
"771",90541.2608073558
"775",114262.854392406
"783",109561.922753797
"785",118124.464222163
"788",102679.529645934
"791",136962.875990091
"801",101893.139157069
"807",169471.126826742
"809",186973.70968627
"810",113883.12623567
"811",160207.771196786
"814",139572.904211751
"816",101716.68279486
"819",126781.403841887
"822",156989.818671533
"826",152105.198906835
"828",90516.6141523094
"833",150765.138505084
"834",97896.2990864776
"835",91067.6417273729
"836",142794.056745309
"839",105576.882400473
"842",181660.420040078
"843",99926.6310234437
"849",124581.895229013
"852",107218.65620267
"855",102403.423253842
"857",103736.608479847
"860",140691.072039305
"862",129726.724057377
"865",120161.09941613
"875",94931.9745868585
"883",182808.120908132
"884",97343.3144166268
"890",149868.998059741
"894",106889.301403098
"895",109220.137604242
"899",93757.5029795304
"901",129588.458351493
"904",120740.733066326
"905",102142.896333309
"906",109050.752345456
"907",120726.753436947
"910",98777.7038037871
"912",96419.8963994729
"921",139983.47046832
"924",92906.1862113609
"925",173726.980056939
"927",122104.554945372
"930",120266.476021666
"931",123370.714558676
"934",171490.549478241
"936",99887.9997684241
"937",91119.4661649473
"943",90823.5098714501
"945",119150.331841163
"947",140812.768763042
"948",151080.191865676
"950",104278.927101399
"952",110929.453595922
"961",132627.013767847
"965",113050.235930941
"968",96867.0409824854
"972",111190.905564815
"979",95798.6910393112
"984",109819.455718969
"985",161907.02110353
"993",94430.1557932033
"994",137629.412597134
"995",178288.14323657
"1010",101129.71127357
"1013",133912.657621985
"1016",127722.398026356
"1018",124063.475150304
"1031",112751.346599277
"1044",174171.022538888
"1048",105296.281543643
"1054",118242.596259917
"1056",112746.234348439
"1057",99408.7393907655
"1061",133718.646549509
"1062",93440.5397931504
"1064",112709.103189572
"1065",191082.686340105
"1066",138760.260416283
"1068",121497.621138027
"1069",92097.5362095773
"1071",120228.807331468
"1073",186192.203911574
"1075",129755.419154156
"1080",119655.253718776
"1086",110845.22073806
"1100",137515.908579599
"1104",106278.577163102
"1109",106588.753431534
"1110",146435.780940611
"1111",164952.337229236
"1119",102685.026559918
"1121",109254.853892022
"1125",128062.004859622
"1126",116471.13953168
"1130",133868.17252432
"1136",119486.118061108
"1138",131364.665220557
"1162",137264.483213389
"1166",92482.8446263835
"1182",131327.807560515
"1184",176441.803464103
"1204",98556.1764014779
"1206",130436.100775906
"1208",179467.872386932
"1209",163069.021863523
"1210",180424.875552833
"1211",146292.766551665
"1212",188949.867476245
"1213",115071.338344387
"1215",105197.49319045
"1216",98734.7886133554
"1220",118173.888104084
"1221",106069.091700129
"1223",105708.704660288
"1224",167513.283196545
"1225",128444.879848196
"1233",182517.768769647
"1236",168098.22421815
"1237",180178.855878499
"1238",151506.592932126
"1239",126728.391746244
"1242",119543.472889884
"1243",126329.288385231
"1252",143552.444060038
"1256",146537.409025355
"1257",103373.127041939
"1258",102746.570589167
"1259",100412.92242316
"1260",117538.791520499
"1263",107669.262102381
"1265",156882.623246034
"1268",158627.985824343
"1270",124662.180247058
"1276",91076.450540101
"1277",138640.761254369
"1278",103628.928491491
"1279",114149.868331195
"1280",127391.971865604
"1281",99310.2345263685
"1283",154780.245356026
"1284",107205.049855873
"1287",196421.350889559
"1288",126886.205396867
"1292",91465.0724947312
"1293",95841.5220572093
"1294",109276.533988428
"1296",131111.572199082
"1298",191977.850388351
"1299",133246.79520136
"1300",156149.744711233
"1302",117424.215121159
"1304",192276.994826432
"1305",163101.39023465
"1307",125969.173820826
"1309",103747.160024021
"1310",106425.804606972
"1317",179669.35699993
"1318",180903.971144275
"1320",141149.812816576
"1321",168664.517924779
"1323",124324.786681641
"1324",186441.766288428
"1325",113695.704390142
"1328",99553.2119962095
"1332",136725.375246298
"1333",128349.139158774
"1334",115744.536886598
"1335",170177.797106898
"1336",99116.6968819086
"1338",131165.91296831
"1340",175627.328169554
"1341",154418.435283154
"1342",136781.491527511
"1343",164834.976744912
"1346",122842.430001031
"1350",169564.914328088
"1356",127023.902294664
"1357",141543.929317229
"1359",168155.70350329
"1360",181278.235786021
"1361",187671.253823244
"1362",115865.289316442
"1365",101318.818553843
"1368",106937.920410819
"1369",157195.271676727
"1374",120436.102805844
"1375",133863.381724168
"1376",101509.33348783
"1377",155393.05053701
"1378",90004.1644993498
"1379",120062.04845599
"1380",192503.99454834
"1381",147033.978961868
"1382",109546.370033829
"1386",97468.8066706147
"1387",93843.0211597437
"1388",103182.979882472
"1391",147974.736302559
"1392",167598.292548991
"1393",139212.152693936
"1394",103019.460578539
"1395",93343.8885732696
"1396",104919.408862213
"1397",110223.568120747
"1398",163876.615022027
"1401",133829.780389
"1402",118070.102290394
"1403",135762.347095875
"1404",163406.004837889
"1412",138028.239767413
"1414",91854.3333575089
"1416",96802.9291191617
"1418",127345.926726434
"1420",98749.9005238734
"1423",92396.1606040642
"1424",102962.427894364
"1426",111210.88518216
"1427",104194.028786267
"1428",173405.575862979
"1429",98421.5619110194
"1430",98098.640694552
"1432",100562.714965939
"1433",117737.158172725
"1438",110749.909890749
"1439",114455.915257993
"1447",101778.673468331
"1451",101500.726032616
"1452",138329.31557208
"1453",114542.125806277
"1454",134266.066819
"1455",160513.988982007
"1456",156913.0675514
"1457",110906.427535135
"1460",122357.909061719
"1462",160264.798413392
"1464",128704.860996935
"1465",110469.079288498
"1466",153501.206793778
"1467",121032.854555313
"1468",128076.973308439
"1469",162259.910256951
"1472",130477.180913934
"1477",145321.491503473
"1479",186345.321080997
"1489",106776.961513129
"1495",116625.610732922
"1496",104934.142964983
"1498",99403.8581434068
"1499",165068.246611045
"1504",153160.113280648
"1507",179052.718491542
"1508",140723.514257995
"1510",187467.039079396
"1511",101898.235097242
"1512",185466.370957224
"1513",123111.26715051
"1517",93405.1967066683
"1518",103394.262632899
"1519",164757.49411222
"1520",145417.17257149
"1522",178266.949666048
"1523",126428.281033571
"1524",158027.455913643
"1527",173266.687184119
"1529",109110.803009706
"1530",103260.682189626
"1532",122073.953724285
"1533",100975.958252349
"1534",184769.232559424
"1535",113242.432182206
"1536",189280.99057349
"1537",142401.292318975
"1541",136007.300952057
"1543",171973.3465672
"1544",138711.838078935
"1545",162016.926957865
"1546",92605.7850357763
"1547",196824.460685644
"1548",143866.116264491
"1549",189666.312571322
"1550",123201.065423831
"1551",153902.374663635
"1552",140912.006400821
"1554",166272.753150255
"1555",108527.185434315
"1557",167381.953289096
"1558",131983.331866195
"1561",131653.650070145
"1562",121884.721258765
"1563",90392.995277056
"1565",134561.972833168
"1566",110282.052911483
"1568",136099.308456746
"1577",128979.731897814
"1581",114799.926516488
"1582",120983.847096451
"1587",107899.024408967
"1591",138531.756105259
"1593",145862.075428813
"1595",94609.5548540763
"1599",157560.243018349
"1601",166565.761728474
"1603",139101.175888882
"1604",172667.247350956
"1607",101635.161956129
"1609",120252.225912081
"1613",133700.469031002
"1615",156973.641842009
"1616",130584.148100561
"1618",125791.373457263
"1620",94852.5050431499
"1621",113539.71159797
"1622",111010.288257506
"1629",159568.592408033
"1630",143937.750929804
"1632",127452.879640884
"1633",133542.947676547
"1634",130955.471795913
"1639",164491.377503028
"1641",157872.474207824
"1646",109161.896542123
"1647",181878.194968863
"1649",98841.1914360743
"1652",116421.957990546
"1653",181536.621617747
"1654",112911.870190051
"1656",112733.53983618
"1657",120251.32524735
"1659",91535.7350939359
"1660",153607.403280099
"1662",177465.632637461
"1666",143601.359035968
"1668",144673.17979989
"1669",133690.680484136
"1670",102280.242415144
"1675",122665.774276539
"1677",121830.588904916
"1678",112447.792592346
"1679",181607.648122491
"1680",173020.596238178
"1682",154732.322266936
"1685",141609.699132064
"1686",105314.824182492
"1688",193402.451309632
"1689",153180.917590161
"1691",149880.395380401
"1692",142515.422241592
"1694",164572.626924677
"1699",175270.860911099
"1700",150908.901700149
"1703",167376.244374206
"1704",126113.28232379
"1705",142543.864918338
"1706",95864.2398728413
"1708",99459.1450830419
"1709",92916.1560575748
"1711",170506.2392593
"1713",95477.7106042035
"1714",92929.6774624634
"1716",117249.690411754
"1718",115409.211704533
"1719",111900.120559005
"1720",98581.5214213401
"1721",110716.264391714
"1722",170987.603738482
"1723",133264.549889601
"1724",172381.683242491
"1725",155572.186378009
"1727",195476.48422767
"1729",99758.0712344903
"1730",140918.986978812
"1732",103983.028058583
"1734",168268.917716862
"1737",147069.509665628
"1739",91905.6044822659
"1740",110503.59824972
"1741",114452.802103077
"1743",121601.017523208
"1745",158360.736774801
"1746",148114.776100394
"1747",121695.512642169
"1749",93992.9202956569
"1752",119068.679415505
"1753",153532.773717023
"1754",169214.668851535
"1757",125191.686957851
"1758",97131.1971027772
"1761",191951.24178664
"1762",103742.406167897
"1763",106300.271777409
"1764",167216.410581073
"1766",104174.101570489
"1767",116949.340006946
"1768",123950.825713864
"1772",136933.853327162
"1774",114322.802696945
"1775",95275.238505288
"1776",116980.970174854
"1781",145639.692019849
"1782",105365.898798849
"1783",141590.810774855
"1784",113385.857610393
"1785",155917.389865758
"1786",112289.316014388
"1787",174750.654390794
"1789",139286.319267159
"1790",132738.70593677
"1791",135641.548793152
"1792",109255.552335062
"1795",108818.711366389
"1796",165527.375310278
"1798",145830.199086103
"1800",190656.990919953
"1802",123766.324019393
"1803",138739.965090984
"1806",141481.440213659
"1807",144212.629333976
"1808",186343.797616315
"1809",129166.3463797
"1810",122635.133994714
"1811",127590.204236231
"1813",109030.769547517
"1814",140261.268245883
"1815",162207.815006934
"1817",106458.959505911
"1819",115380.682293115
"1820",120140.857515786
"1821",127660.380150341
"1823",191314.225740684
"1824",114330.628811225
"1825",166891.593883692
"1826",96156.2061256812
"1828",109444.021889786
"1829",98794.5277736335
"1831",94552.4047714015
"1832",130794.638210477
"1835",100525.359731687
"1838",135887.90932568
"1839",130706.204528617
"1840",162818.769602514
"1842",116514.01899565
"1843",90920.8060339544
"1846",119286.535325178
"1848",114122.387484863
"1851",113406.665794415
"1852",97837.9657061636
"1853",133555.256181087
"1856",105542.178470626
"1859",150359.791262751
"1860",118559.892234291
"1866",104660.840221829
"1867",104443.864092275
"1870",101590.313285163
"1871",179225.552217647
"1877",113844.276939741
"1878",133953.678595088
"1879",100856.057026067
"1880",146590.330314877
"1881",194936.240842103
"1884",139450.169158624
"1888",158044.792990699
"1889",113036.692788313
"1890",95582.7242815701
"1891",170264.905752248
"1893",142981.349360818
"1894",113889.21397617
"1895",117265.832454455
"1896",149372.250698388
"1898",100493.611714325
"1899",110341.498139276
"1900",124138.598494069
"1901",146428.048497387
"1904",112004.625249394
"1905",103547.241851445
"1907",127344.133391712
"1908",145515.779298624
"1909",107705.443051595
"1911",106762.835206488
"1914",157881.759888702
"1916",135934.593254281
"1919",136098.128258713
"1920",106145.184296614
"1922",144577.692140667
"1923",109195.395444882
"1928",184087.692759998
"1929",114943.183899642
"1930",102169.76970746
"1931",185141.513924465
"1937",122119.193543827
"1940",104335.215464128
"1941",140971.771008609
"1942",111323.47565338
"1946",94294.0631385086
"1951",155380.716018051
"1952",108077.217792094
"1954",90937.2677345787
"1956",101713.75950094
"1957",128847.748197113
"1958",96612.5221228811
"1962",132570.189250564
"1963",97629.876119697
"1967",136252.499557481
"1975",115968.541346302
"1976",127841.09410407
"1980",189568.333385587
"1981",92548.9829529103
"1992",114950.189312216
"1998",96893.6803777939
"2005",117456.67573502
"2007",127542.012095257
"2029",92736.5886626878
"2033",104546.195887923
"2037",120139.193694536
"2038",119985.340889559
"2042",92260.3595976429
"2043",96681.9369161974
"2044",189831.57921838
"2046",117727.864262436
"2047",94815.6402497831
"2049",100386.0683378
"2050",98620.1434640536
"2055",118267.649429039
"2060",116714.1985981
"2067",124394.552166675
"2068",125615.806303761
"2069",109339.48339547
"2076",147601.908801283
"2080",100963.67719055
"2085",140172.174617578
"2086",124351.342358134
"2089",91428.4894323639
"2090",94672.7004428072
"2092",153009.160768265
"2093",118827.785127607
"2094",112875.174008626
"2095",157415.376658934
"2100",115533.460842536
"2102",133121.444200323
"2103",149175.125652838
"2105",118576.428843596
"2107",99458.9591747775
"2109",99027.2472590545
"2110",133784.234206344
"2116",106863.962663436
"2120",119256.334548724
"2123",102466.625277859
"2125",103435.855105998
"2126",130322.77157229
"2129",93540.4338783601
"2133",174247.499223321
"2135",164781.379360255
"2137",112409.086304402
"2152",107630.996054216
"2161",90695.6316551696
"2162",121295.566199342
"2163",139424.830092251
"2164",122312.966924926
"2165",163830.507205102
"2168",126763.044621861
"2174",104139.20712346
"2176",154533.253945058
"2177",116049.887163121
"2189",101179.515776628
"2191",97203.6960989584
"2197",93431.1267265646
"2198",98514.8113923505
"2199",155522.213991891
"2200",104353.818415533
"2201",92346.8152596086
"2203",91496.3150673871
"2208",100967.442383684
"2209",153551.23977867
"2212",91863.6107141726
"2213",95415.4096903462
"2224",110985.978672659
"2248",91319.1737594138
"2252",96265.7264204885
"2253",104903.655843087
"2254",104549.017599795
"2260",98095.7208269494
"2274",90096.7855484256
"2283",114340.883288341
"2300",100450.67931961
"2304",107423.9399425
"2310",127780.813980618
"2322",111252.271521329
"2331",95279.9423278069
"2344",97661.8864200579
"2364",92575.2306732283
"2381",118029.349192101
"2382",136813.971346413
"2383",157388.070759052
"2386",93459.7058099103
"2411",92036.8841536421
"2424",105681.917451138
"2441",95991.2993099493
"2456",119739.449019683
"2462",110038.722387489
"2471",114231.563535652
"2475",121161.974216295
"2476",127647.023285945
"2477",96476.4387292757
"2479",90601.8240091441
"2480",125228.477174774
"2484",91712.2038950643
"2487",95684.1369013609
"2492",127023.696573958
"2495",94030.0414617896
"2496",161874.611876136
"2507",93940.645015404
"2511",178845.393735641
"2512",131191.623932199
"2513",106123.702339398
"2520",91695.0019932262
"2522",131311.757309593
"2523",123163.531055726
"2527",91727.3149469305
"2529",106255.085992987
"2531",94730.1248424656
"2534",104802.750749747
"2538",149335.726806472
"2540",111024.801751702
"2542",125457.468532568
"2546",124512.414048171
"2549",100381.199931531
"2550",98307.9610850911
"2551",116793.129992023
"2552",145999.215833198
"2553",95389.8345633865
"2568",125442.833811384
"2613",123995.13412386
"2614",92258.7060093242
"2618",118025.65520064
"2634",95706.5175280768
"2636",104994.385204769
"2639",115333.811643619
"2649",96790.7852361009
"2659",90038.2205517043
"2660",166093.025907541
"2662",104217.475187878
"2666",93439.5030945495
"2675",127083.386637506
"2704",91716.4954929792
"2714",123775.114002574
"2730",91545.7215020644
"2731",95318.6384233127
"2747",100283.835958704
"2749",90935.7837438601
"2756",109413.202060883
"2816",91068.5882649842
"2817",113716.592990906
"2819",104025.456850138
"2823",104466.004332942
"2825",91085.2685761883
"2826",95817.568221187
"2830",117687.867354837
"2845",91921.9854017069
"2847",130286.192138707
"2848",144715.633420501
"2866",98373.8184067369
"2900",134041.153832359
"2901",164270.571232188
"2903",102589.713960337
"2913",122039.69125731
"2922",129875.101075944
"2924",134323.788615191
"2928",114579.734640398
"2929",156113.390173956
"2931",106530.244991579
"2945",132881.660917831
"2950",126002.813612094
"2974",120754.840408124
"2982",94966.164186404
"2987",103582.878867649
"2989",142863.224591686
"3005",147328.65417749
"3044",96272.253345176
"3050",156541.227568245
"3053",135054.541391717
"3059",102232.594007478
"3066",113893.299243214
"3076",138437.964281214
"3091",93451.0909728838
"3105",90830.2940625222
"3133",128232.804994725
"3134",105829.639901552
"3141",117729.084180156
"3144",100231.532420315
"3179",96292.4202153581
"3292",148463.738544335
"3298",95315.2432944368
"3301",97399.6454366751
"3317",120147.255262002
"3318",149460.944922029
"3326",102674.401251932
"3353",154518.165160108
"3354",121304.922258208
"3357",105159.571227092
"3368",104295.66931822
"3387",95255.5811218208
"3465",100517.143602132
"3470",120231.94908634
"3492",96490.8950283935
"3635",116011.912818833
"3644",138120.202478213
"3657",100553.221098312
"3683",122905.806946114
"3762",170490.102789776
"3773",170490.102789776
"3774",170490.102789776
"3775",170490.102789776
"3776",170490.102789776
"3777",170490.102789776
"3778",170490.102789776
"3779",170490.102789776
"3780",170490.102789776
"3781",170490.102789776
"3782",170490.102789776
"3783",170490.102789776
"3784",170490.102789776
"3785",170490.102789776
"3786",170490.102789776
"3787",170490.102789776
"3788",170490.102789776
"3789",170490.102789776
"3790",170490.102789776
