Serial Number,Deposits 2016
1,37778.81801
2,98883.68832
3,149531.9118
4,82770.98296
5,82437.18332
6,123075.2129
7,154773.6772
8,134521.9897
9,66740.29237
10,64041.47855
11,63263.32705
12,55112.00836
13,115161.4183
14,80071.21485
15,76822.27845
16,73582.17448
17,58908.97442
18,34344.83353
19,42916.749
20,77890.38618
21,41089.90979
23,66081.43809
24,72260.54797
25,106381.5145
26,79275.04919
27,126138.7858
28,51494.91646
30,38508.32241
31,5711.934785
32,32947.48306
33,41147.26854
34,44442.70084
35,64483.64635
36,22220.22429
37,65715.44632
38,5711.934785
39,60447.31881
40,99865.68304
41,60699.56217
42,60821.31452
43,152524.3267
44,41349.58254
45,51805.56343
46,29519.43822
47,65229.36452
48,20361.64812
49,40351.37661
50,52259.19653
51,83912.96622
52,55865.11754
53,34827.76001
54,44600.10063
55,73632.66735
57,50888.9997
58,170016.3866
59,123733.3674
60,142074.6319
62,65454.44539
63,106266.2634
64,27396.32636
65,29637.24717
66,33786.18031
67,53226.57283
68,49870.63825
69,59240.03313
70,59831.62063
71,187291.6988
72,64486.62037
73,75002.39914
74,69866.08492
75,52215.0257
76,82339.3307
77,130631.0279
78,40719.77693
79,5711.934785
80,56028.22478
81,50517.90865
82,77716.58434
83,43807.3248
84,131702.4557
85,55677.9981
86,6665.340597
87,82465.08051
88,122239.0951
90,63770.00486
91,99491.20664
92,126129.1287
93,125549.7123
94,66749.12586
95,64413.08516
96,85797.72243
97,57284.9184
98,85490.01139
99,143994.1582
100,82802.47085
101,140403.4191
104,93239.17616
105,31541.99241
106,73203.26437
107,135649.5819
108,114538.738
109,88964.34531
110,57414.72333
112,169140.3216
113,55822.63036
114,44348.93589
115,100606.7401
116,49338.91558
117,70280.86138
118,78444.56303
119,31621.31903
120,34196.50736
121,6787.424344
122,35392.87283
123,25067.76455
124,106409.0993
126,36409.39699
127,29792.72392
128,49158.96606
129,43530.35106
130,65087.36816
131,24086.17076
132,64657.23704
133,27939.07711
134,59432.70208
135,18901.36231
136,34735.29221
137,98246.9262
138,86120.39045
139,28372.0752
140,79528.61433
141,68480.78442
143,116996.4553
144,127821.7113
145,110883.0406
146,65508.78147
147,44561.66858
148,103891.6981
149,86588.90245
150,136223.5005
151,99910.21667
152,31855.0587
153,75581.35037
154,48267.8154
155,35751.71104
156,30068.14287
157,106680.635
158,84728.51956
159,126823.9748
160,39615.88234
162,90225.15946
163,53723.16682
164,21397.62447
165,65355.05891
166,61162.68194
167,68400.07605
168,55433.78029
169,38748.06142
170,142894.9445
171,74046.07701
172,66085.47413
173,78793.71831
174,44963.79844
175,63110.18476
176,31170.67912
177,115875.5346
178,41186.12986
179,56150.91477
181,60031.1468
182,62496.30418
183,99426.33353
184,57023.54909
185,47500.21182
186,84584.88539
187,42435.09373
188,58604.50576
189,59094.50706
190,40031.10837
191,40641.8035
192,86763.6662
193,149517.3425
194,97162.38385
195,50450.4945
196,73860.37172
197,60529.01952
198,76100.12811
199,5711.934785
200,12841.59223
201,84825.52527
202,59780.85026
204,157057.1578
208,107879.8004
209,41777.13074
210,128342.5859
212,73094.54821
213,149423.6815
215,102858.6613
217,79307.27851
218,41398.25321
219,177379.3174
220,5711.934785
221,82917.79451
222,114566.886
223,89125.42352
224,64999.16809
225,147585.3343
226,34007.12389
227,24670.49587
228,22996.66834
229,136407.6659
230,62466.53712
231,68474.54323
232,69663.37411
233,55651.41091
234,50016.69243
235,29208.86755
236,122059.6808
239,5711.934785
241,41425.77279
242,128858.839
243,45730.43053
245,62458.85826
246,78044.56614
247,62004.08974
248,91162.11458
249,55416.76262
250,98555.65812
251,21275.99569
253,117019.8999
254,150202.8839
256,29685.50468
257,22764.11433
258,21650.68209
259,32399.43065
260,58258.60049
261,78109.20568
262,93216.6213
265,77689.27672
266,25352.85971
267,169018.5139
268,54221.01197
269,46050.04054
271,67675.08777
272,33544.12977
273,5711.934785
274,129512.9903
275,65722.47644
276,69510.94527
277,38419.5159
278,51452.79991
279,154878.2794
280,115171.4896
281,53791.39698
282,46343.40906
283,48827.87163
284,55251.58308
285,57276.41122
286,79683.06568
287,40038.41097
288,46984.15621
289,31676.94336
290,65301.09652
291,38955.07993
292,121855.9422
293,39318.30214
294,53058.45226
295,76521.49539
296,39534.30021
297,47566.3373
298,54262.68298
299,35797.49487
300,32738.01379
301,31565.29662
302,48695.13003
303,52347.73925
304,28624.19387
306,42595.56358
307,82657.37291
308,59479.79444
309,71386.1036
310,67052.32888
311,61501.90068
312,53889.31611
313,44785.61244
314,89828.65072
315,95178.61049
316,40424.85575
317,71081.10794
318,42948.97881
319,106013.1011
320,164887.418
321,52028.2749
322,29917.11908
323,37582.17198
324,32119.14688
325,74228.91101
326,56580.42378
327,77675.25476
328,42161.29439
329,46950.71395
330,48250.04208
331,59413.0663
332,41684.71765
333,26026.22846
334,55942.52188
335,5711.934785
336,80824.40983
337,154526.6379
338,65223.90529
339,89228.50959
340,79456.61679
341,51798.18955
342,35329.06672
343,155272.4877
344,99047.26635
345,35582.15374
346,82044.32514
347,52595.8881
348,116300.635
349,132579.1271
350,62270.32272
351,70524.92476
353,56522.19997
354,74110.87533
355,46582.05632
356,82093.86899
357,19712.21041
358,45680.85622
359,67542.88052
360,45941.2237
361,53697.37097
362,49060.20976
363,48355.59354
364,90476.41564
365,74756.01027
366,5711.934785
367,65635.84462
368,27125.20671
369,62470.51089
370,137190.217
371,62567.4712
372,133643.2119
373,67290.49097
374,65534.14268
375,80059.41204
376,61755.00667
377,5711.934785
378,87170.06898
379,5711.934785
381,81562.36673
382,26752.25993
383,17831.41114
384,78169.06007
385,114307.9099
386,113788.8677
387,56169.29365
388,104654.4094
389,59901.77983
390,43899.76354
391,82408.58348
392,60309.91922
393,54555.34058
394,104685.2951
395,41726.45371
396,55691.04497
397,39048.67146
398,89005.3525
399,44136.69726
400,23070.36022
401,62506.37854
402,50230.49395
403,53093.2161
404,68878.61233
405,106921.6112
406,58870.45139
407,118659.4365
408,62731.08136
409,49135.332
410,23632.63929
411,79557.64984
412,35647.95128
413,39968.64386
414,159860.4272
415,31501.36528
416,56216.40848
417,61161.81467
418,68363.51301
419,104648.5855
420,83303.82665
421,116635.5863
422,99161.85107
423,37081.82266
424,84629.50286
425,76959.46232
426,74085.0904
427,83141.84802
428,90896.89599
429,147231.1372
430,34591.25817
431,71532.11546
432,67585.49999
433,94888.69986
434,168523.1352
435,164582.7914
436,52081.97688
437,62280.58181
438,86316.83426
439,42552.92809
440,30167.00989
441,93040.99574
442,172865.1901
443,123416.2891
444,38739.19217
445,84098.10731
446,5711.934785
447,34052.73944
448,62109.02464
449,63068.37596
450,57274.61169
451,71841.67439
452,45943.60909
453,38083.76144
454,55882.64672
455,78041.69709
456,84901.6345
457,40927.72111
458,54371.88125
459,94324.47009
460,89616.23961
461,41668.97002
462,89412.76723
463,70364.20368
464,90005.12698
465,101988.9486
466,148050.4066
467,82188.18947
468,72372.66941
469,61337.3397
470,53726.90294
471,63668.33123
472,119744.5801
473,124225.106
474,70985.83562
475,5711.934785
476,5711.934785
477,5711.934785
478,5711.934785
479,5711.934785
480,5711.934785
481,5711.934785
482,5711.934785
483,5711.934785
484,5711.934785
485,5711.934785
486,5711.934785
487,5711.934785
488,39294.57373
489,5711.934785
490,5711.934785
491,28049.76157
494,5711.934785
495,5711.934785
496,51744.41156
497,88225.57905
498,42583.30229
499,87498.03256
500,30469.33382
501,50588.51665
502,94923.41199
503,69137.00575
504,97952.05836
505,84773.01294
506,93037.49271
507,67499.94939
508,43685.93946
509,75968.01531
510,113919.6618
511,43917.43341
512,92997.4295
513,99170.69467
514,68718.36403
515,57831.71216
517,62279.33086
518,48803.56041
519,60995.27086
520,37912.58204
521,63717.81665
522,78982.22016
523,53716.93363
524,118229.2751
525,53222.36687
526,32442.30738
527,41752.23427
528,5711.934785
529,23888.18065
530,68334.63242
531,114959.4981
532,24877.44254
533,73391.46699
534,67125.00013
535,128493.1592
536,107906.7737
537,100560.6719
538,86137.45714
539,53243.04587
540,67545.65008
541,28395.77291
542,54199.79352
543,73319.52025
544,81536.35569
545,83320.17882
546,97204.30239
547,126660.312
548,40510.44509
550,87860.09497
551,82781.91904
552,83728.15388
553,76231.62121
554,44632.40376
555,24768.50842
556,80361.58583
557,46534.08295
558,88834.8354
559,43345.805
560,37969.38734
561,138299.3393
562,46742.40567
563,170471.9283
564,161494.2045
565,36022.98858
566,59626.37531
568,57132.82321
569,164897.4488
570,89065.40821
571,86801.76319
572,53935.27802
573,41821.61335
574,56175.69314
575,82373.27628
576,21134.30328
577,60121.46365
578,48371.82073
579,117164.2573
580,54130.08981
581,101804.1427
582,92249.0285
583,90224.30357
584,128016.0997
585,84372.69077
586,25880.96293
587,39076.33111
588,40481.48441
589,53370.10971
591,96038.61289
592,103781.5346
593,61277.55096
594,48189.37767
595,107636.6456
596,55340.91208
597,60772.18269
598,31942.45119
599,85450.2189
601,50543.78627
603,22235.07775
604,35717.29781
605,43568.48769
606,50956.91823
607,71983.15202
609,60327.68202
610,118089.2903
611,167587.5258
612,40292.62045
613,48211.09063
614,138659.6631
615,93073.37199
616,41081.55687
617,92675.50558
618,34459.23919
619,79897.40376
620,54666.67762
621,78147.22441
622,85053.06844
623,72644.77581
624,129269.188
626,20975.8676
627,37840.07427
628,49885.04869
629,129104.9711
630,35270.95814
631,119226.6106
632,80662.32779
633,65798.54759
634,98845.37452
636,39504.04067
637,138377.2283
638,59128.58476
639,81315.28708
640,175972.7864
641,48371.1653
642,41120.1319
643,49157.69717
644,139926.0956
645,76412.13245
646,29648.73151
647,98088.2081
648,78280.04838
649,68622.11187
650,88592.57726
651,38317.18896
652,75967.0366
653,132877.3338
654,111220.4227
655,57772.29686
656,175445.493
657,61312.15486
658,57150.10153
659,127702.6087
660,149626.8902
661,191908.6091
662,36822.27429
664,161717.9681
665,118711.5847
666,127629.7503
667,76160.90214
668,77224.65861
669,147354.7078
671,117831.8773
672,34188.98175
673,55722.21782
674,27626.41889
675,55058.71273
676,78784.82141
677,61989.13572
678,78098.14477
679,35476.44916
680,78771.61702
681,124231.0749
682,48447.13515
684,120465.9508
685,48883.7969
686,29334.63803
687,72418.17702
688,49639.96827
689,53525.17778
690,32309.16102
691,107362.6066
693,87476.94407
694,55799.54994
695,89901.95573
696,65714.91776
697,31176.28686
698,32993.37178
699,57105.90807
700,25695.40566
701,35861.17302
702,52903.87977
703,71037.76409
704,34110.61195
705,109180.6592
706,128751.0609
707,92130.49496
708,39966.46024
709,82179.59518
710,65475.04296
711,60740.54457
712,44507.66729
713,52318.97801
714,27832.67893
715,67035.05
716,104201.9478
717,39202.68175
718,30456.72324
719,53441.21573
720,53192.43559
721,69783.1004
722,39195.29588
723,38225.98539
724,103454.1275
725,61346.18624
726,51402.85762
727,34580.85766
728,50042.47606
729,46979.30575
730,72696.28741
732,75922.17227
738,161362.4136
739,85457.77347
740,94030.18851
741,130333.373
742,117545.2463
743,78083.95122
744,158767.2667
745,88818.37252
746,91482.54949
747,124956.1367
748,121791.5412
749,65014.06408
750,80772.24869
751,109842.8233
752,35171.61187
753,49003.42945
754,100780.4291
755,77287.95157
756,67013.42552
757,110202.3082
758,70519.5603
759,47926.53965
760,32333.15462
761,42996.5614
762,90134.29818
763,56235.00674
764,83879.75705
765,75408.78822
766,128849.415
767,53391.72113
768,121290.8134
769,92767.91218
770,120847.8713
771,90541.26081
772,59820.78474
773,55941.62554
774,66975.71963
775,114262.8544
776,52041.79264
777,84133.8015
779,42942.19935
780,61575.27298
781,49053.77752
782,68742.94826
783,109561.9228
784,65887.04517
785,118124.4642
786,53763.03871
787,59311.62143
788,102679.5296
789,50306.15875
790,81262.81537
791,136962.876
792,47930.33017
793,67049.39923
794,49139.8995
795,47662.95108
796,55281.03187
797,72221.70752
798,70012.14057
799,36932.642
800,66288.94472
801,101893.1392
802,47836.93299
803,42002.97742
804,19578.28861
805,67947.24913
806,70344.4806
807,169471.1268
809,186973.7097
810,113883.1262
811,160207.7712
812,61142.35179
813,86670.06289
814,139572.9042
815,40944.48077
816,101716.6828
817,41834.27597
818,54793.95538
819,126781.4038
820,82332.29001
822,156989.8187
823,51336.7226
825,63563.32725
826,152105.1989
827,58244.70291
828,90516.61415
829,70738.65105
830,56870.02797
831,71485.68305
832,87259.41499
833,150765.1385
834,97896.29909
835,91067.64173
836,142794.0567
837,89080.44803
838,70401.54024
839,105576.8824
840,66746.66523
841,61051.76768
842,181660.42
843,99926.63102
844,81632.83384
845,66057.19302
846,55992.69408
847,5711.934785
849,124581.8952
851,28798.24029
852,107218.6562
853,75872.1768
854,57720.76602
855,102403.4233
856,46864.514
857,103736.6085
858,70585.08569
859,72588.42371
860,140691.072
861,81555.10132
862,129726.7241
863,82449.76609
864,67488.48735
865,120161.0994
866,52622.48684
870,56771.63663
871,59775.10738
872,59438.80797
873,54613.1394
874,49242.53839
875,94931.97459
876,72422.12314
877,83349.40284
878,69175.04585
880,41602.27662
881,76862.05092
883,182808.1209
884,97343.31442
885,61868.17961
886,52646.71442
887,59445.05254
888,38687.18916
889,79938.37172
890,149868.9981
891,74122.41338
892,68219.20461
893,60788.38247
894,106889.3014
895,109220.1376
897,57284.57607
898,70651.31862
899,93757.50298
900,75072.63773
901,129588.4584
902,60292.40267
903,39575.04181
904,120740.7331
905,102142.8963
906,109050.7523
907,120726.7534
908,87434.84844
909,65048.05395
910,98777.7038
911,52162.76233
912,96419.8964
913,57688.57686
914,35991.48996
915,28412.40376
916,63903.47093
917,28461.78001
918,62603.89291
919,66572.01117
920,71373.99075
921,139983.4705
922,49737.97816
923,51138.08392
924,92906.18621
925,173726.9801
926,53889.93658
927,122104.5549
928,82141.87829
929,74882.84836
930,120266.476
931,123370.7146
932,74309.32856
933,70955.98888
934,171490.5495
935,45772.48327
936,99887.99977
937,91119.46616
938,59399.44853
939,56531.69333
940,41359.40762
941,65387.44984
942,63433.14252
943,90823.50987
944,16511.5957
945,119150.3318
946,44999.32666
947,140812.7688
948,151080.1919
949,85122.30997
950,104278.9271
951,49670.49543
952,110929.4536
953,53552.11909
954,49895.79283
955,37694.6738
956,59855.06727
957,55590.38838
958,54644.97322
959,41530.84075
960,39321.00911
961,132627.0138
962,57097.27052
964,41379.67427
965,113050.2359
966,36021.44526
967,87484.92196
968,96867.04098
970,74976.16084
971,69052.04644
972,111190.9056
973,56205.67034
974,50532.01954
975,65811.87265
977,40646.49247
978,36629.17991
979,95798.69104
980,28802.77362
981,63070.00908
982,57856.1944
983,23054.62081
984,109819.4557
985,161907.0211
986,40599.72096
987,38753.25682
988,50472.29416
989,69241.60929
990,47446.2834
991,62073.59739
992,47018.91605
993,94430.15579
994,137629.4126
995,178288.1432
996,45670.29293
997,52791.60333
998,29763.83252
999,65804.64043
1000,31236.50044
1001,57274.87772
1002,68640.57605
1003,54096.03576
1004,30418.09267
1005,18809.60172
1006,70541.53045
1007,40130.4834
1008,66634.60589
1009,26092.20743
1010,101129.7113
1011,87623.04747
1012,54296.39829
1013,133912.6576
1015,49775.54398
1016,127722.398
1017,76827.58016
1018,124063.4752
1019,88936.50048
1020,69447.73538
1021,58263.2922
1022,31303.0529
1023,45031.62909
1024,52724.88082
1028,69852.59271
1029,60806.76412
1030,72370.77789
1031,112751.3466
1032,65670.1833
1033,43263.65982
1034,40582.38367
1035,75369.97143
1036,41716.51477
1037,83441.24292
1040,39051.12967
1041,71952.77491
1042,14895.69369
1043,34775.46785
1044,174171.0225
1045,37587.28938
1046,88121.27711
1047,36039.05058
1048,105296.2815
1049,52422.7321
1050,63080.14102
1051,46721.99707
1052,31790.12924
1053,39994.91388
1054,118242.5963
1055,80423.5838
1056,112746.2343
1057,99408.73939
1058,46540.92146
1060,39954.18974
1061,133718.6465
1062,93440.53979
1063,31881.52544
1064,112709.1032
1065,191082.6863
1066,138760.2604
1068,121497.6211
1069,92097.53621
1070,70412.33849
1071,120228.8073
1072,40852.72842
1073,186192.2039
1074,36194.63869
1075,129755.4192
1076,20610.27925
1077,29653.4711
1078,61567.44863
1079,51346.59426
1080,119655.2537
1081,86431.57557
1082,65778.22189
1083,28390.37501
1084,56805.08089
1085,84825.03561
1086,110845.2207
1088,77752.61923
1089,49015.20678
1090,63665.77555
1091,36735.70445
1092,60626.73394
1093,63428.1652
1094,59773.19436
1095,67802.18851
1096,75829.44181
1097,47214.42506
1098,25715.5406
1099,49130.33376
1100,137515.9086
1101,60902.10168
1102,39617.01156
1103,77846.88534
1104,106278.5772
1105,38954.49371
1106,22104.08084
1107,70578.72159
1108,50571.9342
1109,106588.7534
1110,146435.7809
1111,164952.3372
1112,81557.42481
1113,80279.04555
1114,56768.82091
1115,47158.63162
1117,63073.71164
1118,69379.50192
1119,102685.0266
1120,37646.08338
1121,109254.8539
1122,34841.99475
1123,68309.6796
1124,34537.33293
1125,128062.0049
1126,116471.1395
1127,46004.18897
1128,74654.93277
1129,54738.55071
1130,133868.1725
1131,85262.51014
1132,66078.81297
1133,32773.42962
1134,51875.29789
1135,75573.69818
1136,119486.1181
1137,69009.51929
1138,131364.6652
1139,64312.65685
1140,51115.13285
1141,42535.9406
1142,60800.98319
1143,75861.88285
1144,61656.49186
1145,69777.59301
1146,71908.34878
1147,36497.43463
1148,37902.89311
1149,61763.57734
1150,22207.22122
1151,50735.21406
1152,17227.26304
1153,20510.02101
1154,33198.22527
1155,32174.34582
1156,48768.17851
1157,50601.86226
1158,70540.99643
1159,42176.95717
1160,28789.4011
1161,68017.34464
1162,137264.4832
1163,42202.25481
1164,53359.4364
1165,39886.60379
1166,92482.84463
1167,27914.81026
1168,47374.09028
1169,28281.23411
1170,62562.76718
1171,68189.96661
1172,25517.89584
1173,25330.80095
1174,37212.6037
1175,25294.04711
1176,39408.53205
1177,32555.03287
1178,73044.73417
1179,35830.92298
1180,36552.90536
1181,74428.96195
1182,131327.8076
1184,176441.8035
1185,41595.75492
1186,34307.92522
1187,33164.57679
1188,48803.22069
1189,5711.934785
1190,5711.934785
1191,5711.934785
1192,5711.934785
1193,5711.934785
1194,5711.934785
1195,5711.934785
1196,5711.934785
1197,5711.934785
1198,5711.934785
1199,5711.934785
1200,5711.934785
1201,5711.934785
1202,5711.934785
1203,5711.934785
1204,98556.1764
1206,130436.1008
1208,179467.8724
1209,163069.0219
1210,180424.8756
1211,146292.7666
1212,188949.8675
1213,115071.3383
1215,105197.4932
1216,98734.78861
1218,89083.41047
1220,118173.8881
1221,106069.0917
1223,105708.7047
1224,167513.2832
1225,128444.8798
1231,78920.10177
1233,182517.7688
1236,168098.2242
1237,180178.8559
1238,151506.5929
1239,126728.3917
1241,80437.66582
1242,119543.4729
1243,126329.2884
1244,46978.96179
1245,68785.33855
1246,61115.50989
1247,63459.59559
1248,84611.79555
1249,77851.29519
1250,66001.34313
1251,45827.32397
1252,143552.4441
1253,58871.07684
1254,52583.31229
1255,44698.91671
1256,146537.409
1257,103373.127
1258,102746.5706
1259,100412.9224
1260,117538.7915
1261,85932.59508
1262,58828.97823
1263,107669.2621
1264,69230.10651
1265,156882.6232
1266,62180.7055
1267,72019.93827
1268,158627.9858
1270,124662.1802
1272,57784.10294
1276,91076.45054
1277,138640.7613
1278,103628.9285
1279,114149.8683
1280,127391.9719
1281,99310.23453
1282,86463.74588
1283,154780.2454
1284,107205.0499
1285,79380.48451
1287,196421.3509
1288,126886.2054
1291,82651.96123
1292,91465.07249
1293,95841.52206
1294,109276.534
1296,131111.5722
1298,191977.8504
1299,133246.7952
1300,156149.7447
1302,117424.2151
1304,192276.9948
1305,163101.3902
1307,125969.1738
1309,103747.16
1310,106425.8046
1314,37749.01004
1317,179669.357
1318,180903.9711
1320,141149.8128
1321,168664.5179
1323,124324.7867
1324,186441.7663
1325,113695.7044
1326,87439.7077
1328,99553.212
1330,73333.03362
1332,136725.3752
1333,128349.1392
1334,115744.5369
1335,170177.7971
1336,99116.69688
1338,131165.913
1340,175627.3282
1341,154418.4353
1342,136781.4915
1343,164834.9767
1344,84597.45121
1346,122842.43
1348,61890.62495
1349,79473.40753
1350,169564.9143
1356,127023.9023
1357,141543.9293
1359,168155.7035
1360,181278.2358
1361,187671.2538
1362,115865.2893
1363,75603.11015
1365,101318.8186
1366,80032.30565
1368,106937.9204
1369,157195.2717
1370,82917.87227
1372,56451.16727
1373,66601.41352
1374,120436.1028
1375,133863.3817
1376,101509.3335
1377,155393.0505
1378,90004.1645
1379,120062.0485
1380,192503.9945
1381,147033.979
1382,109546.37
1383,87226.01909
1385,48939.12291
1386,97468.80667
1387,93843.02116
1388,103182.9799
1389,46211.32158
1391,147974.7363
1392,167598.2925
1393,139212.1527
1394,103019.4606
1395,93343.88857
1396,104919.4089
1397,110223.5681
1398,163876.615
1399,65722.83986
1400,85340.89841
1401,133829.7804
1402,118070.1023
1403,135762.3471
1404,163406.0048
1405,71860.56482
1407,75567.39175
1409,69321.37797
1410,58068.36537
1411,69200.24892
1412,138028.2398
1413,80786.22978
1414,91854.33336
1415,52749.32901
1416,96802.92912
1417,46727.50637
1418,127345.9267
1420,98749.90052
1422,73096.73138
1423,92396.1606
1424,102962.4279
1426,111210.8852
1427,104194.0288
1428,173405.5759
1429,98421.56191
1430,98098.64069
1431,81708.85055
1432,100562.715
1433,117737.1582
1435,56457.75006
1436,80509.09399
1437,65862.57149
1438,110749.9099
1439,114455.9153
1440,58419.19406
1442,49522.7499
1443,84089.21527
1444,60589.80838
1445,56632.73756
1446,62407.3392
1447,101778.6735
1449,60730.97267
1451,101500.726
1452,138329.3156
1453,114542.1258
1454,134266.0668
1455,160513.989
1456,156913.0676
1457,110906.4275
1458,87862.10752
1459,50461.73536
1460,122357.9091
1461,88709.48436
1462,160264.7984
1463,76902.55576
1464,128704.861
1465,110469.0793
1466,153501.2068
1467,121032.8546
1468,128076.9733
1469,162259.9103
1470,48032.99614
1471,52543.39918
1472,130477.1809
1473,59326.10148
1474,63855.44002
1475,45610.71843
1476,79768.23765
1477,145321.4915
1479,186345.3211
1481,59392.58658
1482,64265.09692
1483,53493.15867
1484,60467.74037
1485,55582.76734
1487,40302.86355
1488,71052.63072
1489,106776.9615
1491,79432.03958
1492,80253.52913
1495,116625.6107
1496,104934.143
1497,75862.07181
1498,99403.85814
1499,165068.2466
1501,57542.56734
1502,76406.94468
1503,63334.67941
1504,153160.1133
1505,85324.70642
1507,179052.7185
1508,140723.5143
1509,89739.46962
1510,187467.0391
1511,101898.2351
1512,185466.371
1513,123111.2672
1516,50709.83071
1517,93405.19671
1518,103394.2626
1519,164757.4941
1520,145417.1726
1522,178266.9497
1523,126428.281
1524,158027.4559
1525,67186.26491
1527,173266.6872
1529,109110.803
1530,103260.6822
1532,122073.9537
1533,100975.9583
1534,184769.2326
1535,113242.4322
1536,189280.9906
1537,142401.2923
1538,83228.98455
1539,87428.12537
1540,89479.29404
1541,136007.301
1543,171973.3466
1544,138711.8381
1545,162016.927
1546,92605.78504
1547,196824.4607
1548,143866.1163
1549,189666.3126
1550,123201.0654
1551,153902.3747
1552,140912.0064
1553,67199.34975
1554,166272.7532
1555,108527.1854
1556,66030.59652
1557,167381.9533
1558,131983.3319
1559,53795.17171
1560,47476.13748
1561,131653.6501
1562,121884.7213
1563,90392.99528
1565,134561.9728
1566,110282.0529
1567,38086.87366
1568,136099.3085
1577,128979.7319
1581,114799.9265
1582,120983.8471
1587,107899.0244
1591,138531.7561
1592,70606.00752
1593,145862.0754
1594,88641.86335
1595,94609.55485
1597,87096.24148
1599,157560.243
1601,166565.7617
1603,139101.1759
1604,172667.2474
1607,101635.162
1609,120252.2259
1610,74030.10881
1613,133700.469
1615,156973.6418
1616,130584.1481
1617,86510.41945
1618,125791.3735
1619,88433.26114
1620,94852.50504
1621,113539.7116
1622,111010.2883
1623,52983.12258
1625,82323.09315
1627,73776.05086
1628,77737.05663
1629,159568.5924
1630,143937.7509
1632,127452.8796
1633,133542.9477
1634,130955.4718
1635,67751.61811
1638,83566.85314
1639,164491.3775
1641,157872.4742
1643,61956.77065
1645,69932.52602
1646,109161.8965
1647,181878.195
1649,98841.19144
1652,116421.958
1653,181536.6216
1654,112911.8702
1656,112733.5398
1657,120251.3252
1659,91535.73509
1660,153607.4033
1661,59136.23536
1662,177465.6326
1663,73585.24208
1664,65374.60404
1665,77990.67381
1666,143601.359
1667,58407.2194
1668,144673.1798
1669,133690.6805
1670,102280.2424
1671,53068.92009
1672,54680.64428
1675,122665.7743
1677,121830.5889
1678,112447.7926
1679,181607.6481
1680,173020.5962
1681,41932.13095
1682,154732.3223
1683,63980.53351
1684,83421.96048
1685,141609.6991
1686,105314.8242
1688,193402.4513
1689,153180.9176
1690,77738.75092
1691,149880.3954
1692,142515.4222
1694,164572.6269
1695,65781.66914
1696,83187.6082
1699,175270.8609
1700,150908.9017
1702,77745.14792
1703,167376.2444
1704,126113.2823
1705,142543.8649
1706,95864.23987
1707,74258.03937
1708,99459.14508
1709,92916.15606
1710,69868.48307
1711,170506.2393
1713,95477.7106
1714,92929.67746
1715,89853.32478
1716,117249.6904
1717,75310.43909
1718,115409.2117
1719,111900.1206
1720,98581.52142
1721,110716.2644
1722,170987.6037
1723,133264.5499
1724,172381.6832
1725,155572.1864
1726,56375.8411
1727,195476.4842
1728,86930.70909
1729,99758.07123
1730,140918.987
1732,103983.0281
1734,168268.9177
1735,41937.61624
1736,76516.43493
1737,147069.5097
1738,86868.11543
1739,91905.60448
1740,110503.5982
1741,114452.8021
1742,75629.75179
1743,121601.0175
1744,58477.40743
1745,158360.7368
1746,148114.7761
1747,121695.5126
1748,59185.67156
1749,93992.9203
1751,55894.93243
1752,119068.6794
1753,153532.7737
1754,169214.6689
1755,65995.01611
1756,57682.17313
1757,125191.687
1758,97131.1971
1759,76707.21785
1760,64535.45056
1761,191951.2418
1762,103742.4062
1763,106300.2718
1764,167216.4106
1765,70806.59515
1766,104174.1016
1767,116949.34
1768,123950.8257
1769,63593.8994
1770,64345.0843
1771,77554.71813
1772,136933.8533
1773,70822.71619
1774,114322.8027
1775,95275.23851
1776,116980.9702
1778,64867.17024
1779,76801.97714
1780,87304.6358
1781,145639.692
1782,105365.8988
1783,141590.8108
1784,113385.8576
1785,155917.3899
1786,112289.316
1787,174750.6544
1789,139286.3193
1790,132738.7059
1791,135641.5488
1792,109255.5523
1793,86294.44899
1794,83350.61416
1795,108818.7114
1796,165527.3753
1798,145830.1991
1799,84099.60268
1800,190656.9909
1802,123766.324
1803,138739.9651
1806,141481.4402
1807,144212.6293
1808,186343.7976
1809,129166.3464
1810,122635.134
1811,127590.2042
1813,109030.7695
1814,140261.2682
1815,162207.815
1817,106458.9595
1819,115380.6823
1820,120140.8575
1821,127660.3802
1822,48152.76247
1823,191314.2257
1824,114330.6288
1825,166891.5939
1826,96156.20613
1827,86074.14754
1828,109444.0219
1829,98794.52777
1830,73494.1571
1831,94552.40477
1832,130794.6382
1833,48395.07383
1834,88759.58606
1835,100525.3597
1836,65848.52838
1837,75780.86867
1838,135887.9093
1839,130706.2045
1840,162818.7696
1841,51825.66306
1842,116514.019
1843,90920.80603
1844,85631.5731
1845,60199.87382
1846,119286.5353
1847,78626.83915
1848,114122.3875
1850,89224.49353
1851,113406.6658
1852,97837.96571
1853,133555.2562
1854,53287.95025
1855,38832.96646
1856,105542.1785
1857,56257.60047
1858,86492.08396
1859,150359.7913
1860,118559.8922
1861,88423.17377
1862,55837.79099
1863,21528.82964
1864,33032.74332
1865,69996.12025
1866,104660.8402
1867,104443.8641
1868,54213.69359
1869,56874.03016
1870,101590.3133
1871,179225.5522
1872,53282.37463
1873,44895.78323
1874,83942.01755
1875,51809.04571
1876,55670.21979
1877,113844.2769
1878,133953.6786
1879,100856.057
1880,146590.3303
1881,194936.2408
1882,76082.67742
1883,83216.13513
1884,139450.1692
1885,65719.03001
1888,158044.793
1889,113036.6928
1890,95582.72428
1891,170264.9058
1893,142981.3494
1894,113889.214
1895,117265.8325
1896,149372.2507
1898,100493.6117
1899,110341.4981
1900,124138.5985
1901,146428.0485
1904,112004.6252
1905,103547.2419
1907,127344.1334
1908,145515.7793
1909,107705.4431
1910,79170.14162
1911,106762.8352
1912,61685.03093
1913,84774.74817
1914,157881.7599
1915,73172.42027
1916,135934.5933
1917,82773.62561
1919,136098.1283
1920,106145.1843
1921,83258.09652
1922,144577.6921
1923,109195.3954
1924,89171.38947
1925,76798.59734
1927,75759.00923
1928,184087.6928
1929,114943.1839
1930,102169.7697
1931,185141.5139
1934,80841.02335
1937,122119.1935
1938,52303.89188
1940,104335.2155
1941,140971.771
1942,111323.4757
1943,48073.02612
1944,49336.59572
1945,86111.0837
1946,94294.06314
1947,54018.56899
1948,51350.5454
1949,35337.42901
1950,81537.29855
1951,155380.716
1952,108077.2178
1953,56238.89749
1954,90937.26773
1955,65868.59261
1956,101713.7595
1957,128847.7482
1958,96612.52212
1959,70423.62396
1960,63270.21771
1961,63005.42647
1962,132570.1893
1963,97629.87612
1964,47299.97292
1965,59247.26958
1966,37509.01862
1967,136252.4996
1968,49404.9445
1969,57929.6385
1970,58555.2746
1971,47920.47377
1972,77271.89565
1973,51858.38697
1974,86299.26079
1975,115968.5413
1976,127841.0941
1977,66924.30265
1978,34743.45326
1979,58389.3509
1980,189568.3334
1981,92548.98295
1982,46976.53852
1983,30624.1275
1984,45170.21866
1985,41067.46682
1986,47988.82988
1987,43862.25131
1988,52183.0309
1989,85032.3611
1990,72592.47052
1991,69073.78778
1992,114950.1893
1993,84286.60924
1994,47583.96284
1995,32788.1406
1996,48110.79965
1997,65032.17709
1998,96893.68038
2000,51066.29829
2001,85639.03935
2002,56225.76686
2003,65357.95973
2004,26613.01673
2005,117456.6757
2006,35776.85094
2007,127542.0121
2008,57010.09998
2009,49476.35953
2010,43739.90389
2011,26462.60159
2012,71559.92885
2013,35156.26329
2014,30646.22141
2015,49156.51045
2016,29051.23051
2017,37248.68846
2018,21544.46722
2019,31406.01541
2020,27382.33842
2021,37824.95898
2022,32774.56403
2023,30769.07896
2024,32399.8998
2025,23117.41123
2026,31301.00242
2027,48755.89985
2028,55042.78245
2029,92736.58866
2030,74132.8755
2031,63780.59189
2032,71278.49914
2033,104546.1959
2034,76599.47042
2035,51464.74121
2036,79870.14466
2037,120139.1937
2038,119985.3409
2039,87535.59234
2040,53437.30565
2041,43803.85692
2042,92260.3596
2043,96681.93692
2044,189831.5792
2045,84173.83878
2046,117727.8643
2047,94815.64025
2048,41113.60583
2049,100386.0683
2050,98620.14346
2051,68752.50433
2052,44055.25774
2053,66314.45215
2054,58483.84631
2055,118267.6494
2056,48202.23182
2057,53562.27892
2058,67510.25219
2059,36376.59311
2060,116714.1986
2061,87843.43533
2062,45676.57176
2063,59928.35981
2064,62589.20138
2065,52020.14732
2066,72539.81127
2067,124394.5522
2068,125615.8063
2069,109339.4834
2070,26054.19901
2071,87774.43113
2072,28024.04344
2073,59889.20806
2074,77169.05682
2075,40919.62578
2076,147601.9088
2077,58544.51133
2078,57299.12308
2079,46956.05321
2080,100963.6772
2081,81934.465
2082,55078.32535
2083,42022.34137
2084,76381.88103
2085,140172.1746
2086,124351.3424
2087,34020.1052
2088,69215.20767
2089,91428.48943
2090,94672.70044
2091,89256.94129
2092,153009.1608
2093,118827.7851
2094,112875.174
2095,157415.3767
2096,53072.26523
2097,64668.85448
2098,71345.89273
2099,57255.95748
2100,115533.4608
2101,55528.72589
2102,133121.4442
2103,149175.1257
2104,51030.86574
2105,118576.4288
2106,27394.91899
2107,99458.95917
2108,56682.58994
2109,99027.24726
2110,133784.2342
2112,52263.2901
2113,55945.48831
2114,30156.4669
2115,50218.29445
2116,106863.9627
2117,31228.64517
2118,68846.54857
2119,51401.20236
2120,119256.3345
2121,56122.62232
2122,33421.68799
2123,102466.6253
2124,83709.39438
2125,103435.8551
2126,130322.7716
2127,61979.75047
2128,51729.02195
2129,93540.43388
2130,60207.16435
2131,52057.05697
2132,47189.1249
2133,174247.4992
2134,51278.07755
2135,164781.3794
2136,58353.58536
2137,112409.0863
2138,62164.52794
2139,83997.55768
2140,59834.5931
2141,71302.87853
2142,43996.44717
2143,44023.40997
2144,42216.13905
2145,49644.01303
2146,67460.97184
2147,45929.85733
2148,35555.74458
2149,34354.86821
2150,35844.62903
2151,45506.48439
2152,107630.9961
2153,35371.2897
2154,39157.87295
2155,29510.60534
2156,71422.14477
2157,77956.02187
2158,74368.64803
2159,39238.73914
2160,41284.17821
2161,90695.63166
2162,121295.5662
2163,139424.8301
2164,122312.9669
2165,163830.5072
2166,53391.75013
2167,56055.40742
2168,126763.0446
2169,53622.92845
2170,50870.75645
2171,89190.39596
2172,54981.82659
2173,51167.16212
2174,104139.2071
2175,32790.06243
2176,154533.2539
2177,116049.8872
2178,60959.4501
2179,58898.5366
2180,54300.4064
2181,48779.53684
2182,47854.95975
2183,46601.94153
2184,77635.62338
2185,51198.09657
2186,58189.14112
2187,71248.5186
2188,63048.61463
2189,101179.5158
2190,49100.18432
2191,97203.6961
2192,68513.8103
2193,66625.74724
2194,70606.13838
2195,36970.15386
2196,72958.13137
2197,93431.12673
2198,98514.81139
2199,155522.214
2200,104353.8184
2201,92346.81526
2203,91496.31507
2204,49792.3175
2205,70311.44844
2206,75807.75396
2207,78134.29285
2208,100967.4424
2209,153551.2398
2210,67539.68809
2211,59539.2517
2212,91863.61071
2213,95415.40969
2214,47514.17795
2215,47700.08966
2216,28070.68426
2217,48777.02105
2218,43987.98195
2219,78973.33289
2220,44375.79605
2221,75348.54656
2222,39358.74472
2223,56905.95997
2224,110985.9787
2225,35639.77436
2226,46848.15347
2227,38564.84056
2228,43045.43429
2229,25774.29746
2230,39257.93325
2231,48722.37991
2232,40822.83449
2233,33637.21373
2234,66756.53281
2235,58214.08273
2236,56694.86435
2237,40418.17689
2238,61576.70967
2239,31328.30535
2240,42729.51824
2241,33543.32742
2242,41942.99282
2243,46346.72313
2244,52136.28963
2245,51409.38018
2246,42587.15332
2247,66427.18453
2248,91319.17376
2249,83209.21755
2250,68847.51982
2251,60198.63181
2252,96265.72642
2253,104903.6558
2254,104549.0176
2255,83379.38921
2257,81795.37166
2258,54300.60079
2259,51116.91146
2260,98095.72083
2261,78725.57212
2262,62324.44509
2263,64686.26443
2264,80929.98005
2265,41738.66398
2266,45109.09656
2267,41424.79347
2268,45840.40314
2269,62998.40504
2270,40136.05844
2271,75719.65739
2272,80316.91625
2273,50267.53307
2274,90096.78555
2275,56825.68021
2276,56817.20304
2277,30318.16123
2278,52437.51815
2279,38694.39247
2280,23720.07676
2281,48119.56039
2282,37033.36122
2283,114340.8833
2284,36996.31044
2285,34413.66932
2286,76441.68197
2287,83890.58144
2288,45854.36523
2289,40519.62751
2290,68608.84019
2291,51917.17168
2292,24800.58409
2293,52325.93139
2294,63134.75043
2295,46374.52261
2296,40542.16179
2297,58164.31945
2298,37581.50037
2299,46976.10708
2300,100450.6793
2301,79454.80722
2302,29459.60629
2303,67712.39672
2304,107423.9399
2305,55883.64224
2306,41665.49043
2307,43649.37887
2308,51556.26289
2309,32441.98463
2310,127780.814
2311,71359.65008
2312,45492.50358
2313,49831.27119
2314,45605.24884
2315,60404.4059
2316,46274.52214
2317,55382.10249
2318,29851.94279
2319,30593.5065
2320,56561.03667
2321,64056.50185
2322,111252.2715
2323,46055.30102
2324,44106.232
2325,43777.15045
2326,33188.47505
2327,33285.82235
2328,33660.947
2329,39323.97318
2330,88592.99682
2331,95279.94233
2332,80145.69643
2333,63324.48365
2334,23126.63806
2335,51636.32648
2336,44903.75911
2337,51643.37357
2338,36046.39767
2339,21845.60317
2340,38031.11973
2341,29638.11554
2342,52845.09175
2343,57585.8127
2344,97661.88642
2345,27225.49622
2346,47122.81751
2347,35385.2878
2348,32281.05383
2349,49906.40441
2350,49905.88049
2351,51847.00266
2352,28789.25548
2353,75178.50669
2354,19523.5742
2355,28255.5366
2356,45563.95735
2357,59681.74861
2358,81914.1833
2359,19811.11987
2360,15756.073
2361,36514.76437
2362,48832.29967
2363,30989.64343
2364,92575.23067
2365,31830.21394
2366,24425.25013
2367,68610.26293
2368,52070.40271
2369,53618.21264
2370,41869.85638
2371,59079.75428
2373,36981.97319
2374,72097.72385
2375,40335.70442
2376,49365.5405
2377,31638.68783
2378,31562.08853
2379,31115.79527
2380,42892.28258
2381,118029.3492
2382,136813.9713
2383,157388.0708
2384,39999.17445
2385,27055.62521
2386,93459.70581
2387,41536.12337
2388,65917.30679
2389,80934.51138
2390,65786.47992
2391,60724.52457
2392,24738.11428
2393,25409.8495
2394,18022.85055
2395,49054.38071
2396,31123.24349
2397,25753.61385
2398,13457.88042
2399,22961.09331
2400,38923.8889
2401,14680.93902
2402,35813.77548
2403,12268.52012
2404,42998.22686
2405,23592.6909
2406,26904.70965
2407,25221.03558
2408,26048.22582
2409,45844.2105
2410,68269.79817
2411,92036.88415
2412,76539.81045
2413,41618.45002
2414,67445.41672
2416,44506.03287
2417,66840.22157
2418,46825.81538
2419,35562.72324
2420,51114.98193
2421,63303.31638
2422,30329.50297
2423,42982.50524
2424,105681.9175
2425,32116.79489
2426,51994.753
2427,61705.85127
2428,88133.72548
2429,60893.00003
2430,55125.64712
2431,60962.57696
2432,42217.22599
2433,34961.92957
2434,26339.5227
2435,77914.91666
2436,56905.8785
2437,56413.34933
2438,32683.50999
2439,32461.11741
2440,37247.3781
2441,95991.29931
2442,35193.80683
2443,46876.95308
2444,83691.69218
2445,77325.83944
2446,50487.21694
2447,85824.98148
2448,49860.35001
2449,59513.50559
2450,54691.66673
2451,37355.94321
2452,42929.13568
2453,55269.54945
2454,31532.8769
2455,64637.5876
2456,119739.449
2457,33682.92657
2458,34294.54128
2459,87755.32053
2460,28354.692
2461,75807.92621
2462,110038.7224
2463,72807.88073
2464,46472.91689
2465,67487.59468
2466,50930.29886
2467,74547.41834
2468,83846.00385
2469,68309.26587
2470,59205.48998
2471,114231.5635
2472,43282.23745
2473,71906.61029
2474,58188.89597
2475,121161.9742
2476,127647.0233
2477,96476.43873
2478,52939.00812
2479,90601.82401
2480,125228.4772
2481,72110.81064
2482,56123.61139
2483,52418.0326
2484,91712.2039
2485,73965.96424
2486,50073.07487
2487,95684.1369
2488,55819.29496
2489,70409.50565
2490,64858.3757
2491,49333.82339
2492,127023.6966
2493,82050.45946
2494,75704.76609
2495,94030.04146
2496,161874.6119
2497,48310.03761
2498,42020.64419
2499,43301.37565
2500,64445.55548
2501,42166.13629
2502,61546.75747
2503,45500.42629
2504,65416.56066
2505,80408.39401
2506,67435.80242
2507,93940.64502
2508,39162.05216
2509,32747.17958
2510,59620.82102
2511,178845.3937
2512,131191.6239
2513,106123.7023
2514,57653.3964
2515,54242.95949
2516,89842.0721
2517,77554.91411
2518,52182.31186
2519,54733.95198
2520,91695.00199
2521,86162.0184
2522,131311.7573
2523,123163.5311
2524,45975.36102
2525,69311.00699
2526,44284.33444
2527,91727.31495
2528,53930.34046
2529,106255.086
2530,40796.9634
2531,94730.12484
2533,76304.36818
2534,104802.7507
2535,75692.12186
2536,41484.91525
2537,54397.59034
2538,149335.7268
2539,54490.05692
2540,111024.8018
2541,59451.98043
2542,125457.4685
2543,83002.08237
2544,60618.47786
2545,63801.29323
2546,124512.414
2547,89774.38633
2548,43494.57692
2549,100381.1999
2550,98307.96109
2551,116793.13
2552,145999.2158
2553,95389.83456
2554,19359.63414
2555,21757.50562
2556,38868.18244
2557,18473.00288
2558,34824.1844
2559,28935.23055
2560,63052.63517
2561,40685.56805
2562,39323.43968
2563,71481.50282
2564,30728.72549
2565,64296.27527
2566,72947.14138
2567,30998.00683
2568,125442.8338
2569,43859.9007
2570,86085.82631
2571,29148.05519
2572,64211.78764
2573,52868.60584
2574,48933.69993
2575,32080.56533
2576,25384.15909
2577,36736.80423
2578,47781.6348
2579,32852.5656
2580,65940.09613
2581,79364.25945
2582,44178.78123
2583,38246.92133
2584,60832.8993
2585,22672.1344
2586,34474.96591
2587,50113.97983
2588,34299.43289
2589,27065.63657
2590,44769.8907
2591,73147.00112
2592,50615.88425
2593,48368.58821
2594,40125.11636
2595,25561.21938
2596,55679.42113
2597,46478.04113
2598,36400.44838
2599,30637.65131
2600,71881.5411
2601,33129.01571
2602,53625.94961
2604,60959.50446
2605,33999.55579
2606,46274.61833
2607,34764.57108
2608,32876.297
2609,71216.35351
2610,60485.71865
2611,41025.18153
2612,32343.08304
2613,123995.1341
2614,92258.70601
2615,62099.65916
2616,38969.20501
2617,52075.12741
2618,118025.6552
2619,24382.84728
2620,41999.15677
2621,56825.01076
2622,31068.97694
2623,21735.28725
2624,36299.91502
2625,22798.35474
2626,77603.097
2627,64062.1372
2628,43786.70526
2629,49306.61498
2630,29701.84674
2631,41411.02927
2632,22343.40411
2633,28786.94165
2634,95706.51753
2635,56351.36738
2636,104994.3852
2637,34752.23737
2638,68136.11089
2639,115333.8116
2640,11575.23146
2641,57287.77518
2642,39176.14503
2643,57180.12411
2644,15495.90794
2645,56909.54044
2646,22847.56792
2647,74467.6094
2648,35220.80772
2649,96790.78524
2650,31945.34912
2651,28623.15199
2652,51456.32811
2653,17228.79951
2654,51968.47368
2655,51963.67175
2656,78676.86149
2657,49044.48165
2658,43479.83066
2659,90038.22055
2660,166093.0259
2661,65669.30425
2662,104217.4752
2663,65235.51922
2664,41712.86922
2665,54748.00774
2666,93439.50309
2667,39086.29962
2668,31537.40946
2669,48754.18171
2670,56868.1802
2671,84878.41112
2672,55955.34973
2673,25911.83814
2674,45201.11434
2675,127083.3866
2676,36233.28981
2677,25379.77852
2678,42039.55697
2679,66019.28948
2680,52449.81532
2681,40634.58037
2682,46124.12877
2683,31783.83418
2684,59893.09057
2685,22743.52868
2686,36440.46931
2687,62688.26237
2688,52093.40829
2689,25706.19902
2690,48830.47436
2691,26701.78463
2692,30850.96126
2693,34302.81003
2694,18111.03079
2695,45303.83095
2696,26647.56999
2697,34311.81312
2698,47607.32316
2699,30899.30044
2700,19317.34938
2701,33251.93891
2702,62022.54826
2703,27292.95351
2704,91716.49549
2705,33914.04067
2706,74030.26364
2707,41619.28116
2708,43035.12607
2709,40878.16931
2710,28795.80279
2711,45144.15664
2712,34517.19688
2713,68431.0112
2714,123775.114
2715,52707.91922
2716,49213.34385
2717,33523.49224
2718,36818.87577
2719,31070.24937
2720,34576.1903
2721,41319.9911
2722,30587.3717
2723,21499.66315
2724,42218.52175
2725,48220.96176
2726,48568.27762
2727,28452.30615
2728,23971.96304
2729,35448.64172
2730,91545.7215
2731,95318.63842
2732,42777.1963
2733,51945.96432
2734,30786.35757
2735,45592.03702
2736,16372.39683
2737,34716.66316
2738,17016.88772
2739,22883.80144
2740,26903.95289
2741,45563.55524
2742,65300.89316
2743,28392.95218
2744,37740.39917
2745,36248.76452
2746,41953.67893
2747,100283.836
2748,43150.87174
2749,90935.78374
2750,31733.60917
2751,32072.42638
2752,27424.53126
2753,78233.92678
2754,70328.18173
2755,68833.55341
2756,109413.2021
2757,42277.5873
2758,33390.73021
2759,35603.75448
2760,29809.22668
2761,33029.69949
2762,32062.04129
2763,60209.99855
2764,28431.04015
2765,23228.45014
2766,48344.54703
2767,66329.1593
2768,87927.8342
2769,51154.37639
2770,35879.77459
2771,39589.40765
2772,30696.17508
2773,38137.27271
2774,51068.09061
2775,17736.09491
2776,5711.934785
2777,40107.75983
2778,24288.68776
2779,43547.95267
2780,33501.91176
2781,46429.25979
2782,24011.21595
2783,58888.68852
2784,32262.40928
2785,51443.74876
2786,74041.84626
2787,67862.41643
2788,54958.61235
2789,51003.53545
2790,43109.64708
2791,50436.10408
2792,43821.96259
2793,38353.81683
2794,45162.59236
2795,33371.71605
2796,24698.03683
2797,28971.00511
2798,49333.20463
2799,39078.53007
2800,24129.92859
2801,36876.41007
2802,60092.47998
2803,33823.31694
2804,49794.34597
2805,52494.33464
2806,18732.07182
2807,14431.78748
2808,58969.94018
2809,24119.93358
2810,78356.50708
2811,33388.63072
2812,29477.67163
2813,37521.73144
2814,66267.64618
2815,34528.14663
2816,91068.58826
2817,113716.593
2818,74232.52969
2819,104025.4569
2820,54385.93816
2821,86860.51405
2822,22156.1254
2823,104466.0043
2824,56057.56812
2825,91085.26858
2826,95817.56822
2827,35503.16795
2828,72553.83824
2829,25392.39942
2830,117687.8674
2831,49761.14144
2832,38378.03344
2833,70917.30217
2834,54951.84773
2835,46363.92678
2836,77794.39442
2837,86709.10654
2838,79737.83388
2839,35569.64114
2840,89084.10704
2841,50854.61828
2842,36108.07717
2843,29216.51028
2844,67415.04309
2845,91921.9854
2847,130286.1921
2848,144715.6334
2849,62440.38934
2850,84964.65184
2851,69890.92026
2852,70492.04805
2853,67368.46069
2854,32396.05546
2855,82597.56117
2856,52379.80619
2857,18887.87406
2858,19823.25083
2859,70580.02351
2860,30421.56516
2861,41809.24816
2862,27221.55437
2863,44434.64613
2864,40203.79293
2865,28293.92193
2866,98373.81841
2868,70362.07626
2869,76679.97601
2870,45533.84739
2871,57899.07268
2872,30994.53467
2873,18150.46004
2874,68174.85682
2875,49302.50371
2876,16493.65413
2877,23592.24344
2878,29126.37575
2879,27086.7709
2880,14252.29022
2881,35752.05781
2882,27256.46338
2883,45559.69344
2884,37977.22051
2885,13796.52774
2886,17059.44814
2887,63928.06832
2888,69222.82161
2889,65855.31142
2890,23663.18509
2891,51730.49697
2892,30218.28627
2893,69654.47383
2894,28215.64959
2895,54676.40141
2896,36399.87321
2897,65724.48541
2898,27859.15497
2899,45073.91825
2900,134041.1538
2901,164270.5712
2902,88167.28416
2903,102589.714
2904,52800.87856
2905,50263.69301
2906,64386.64901
2907,43459.5017
2908,62164.8308
2909,65445.99526
2910,49826.79023
2911,36795.96561
2912,57648.56813
2913,122039.6913
2914,39100.91391
2915,50302.07063
2916,28752.30505
2917,37495.91454
2918,32471.18635
2919,77699.15237
2920,80281.34734
2921,46000.87482
2922,129875.1011
2923,70410.81079
2924,134323.7886
2925,88962.61143
2926,17787.66546
2927,28125.93907
2928,114579.7346
2929,156113.3902
2930,25381.3879
2931,106530.245
2932,54474.02396
2933,80598.94569
2934,47751.06098
2935,45570.39856
2936,81751.27522
2937,16577.64591
2938,47130.30491
2939,53825.53789
2940,24870.21913
2941,58368.59699
2942,41974.09601
2943,88124.48279
2944,25522.31756
2945,132881.6609
2946,23203.06414
2947,29421.296
2948,26981.52943
2949,24388.98799
2950,126002.8136
2951,30915.46712
2952,77296.41887
2953,33035.88502
2954,38128.35171
2955,44233.12734
2956,70509.74626
2957,18152.5893
2958,27073.25749
2959,36079.64954
2961,65914.2988
2962,54868.23356
2963,60091.45645
2964,55958.3536
2965,54899.75253
2966,72315.49283
2967,20300.54657
2968,27172.56062
2969,76159.43662
2970,14084.77904
2971,84666.46655
2972,33047.42759
2973,53618.79222
2974,120754.8404
2975,37254.54124
2976,57641.00724
2977,43795.91782
2978,84731.97726
2979,33248.11985
2980,35947.75967
2981,74219.12189
2982,94966.16419
2983,49808.82537
2984,39647.37757
2985,51161.94181
2986,26043.67332
2987,103582.8789
2988,31686.67254
2989,142863.2246
2990,75398.07108
2991,36079.92671
2992,56696.66156
2993,45920.61729
2994,54423.36496
2995,23603.84221
2996,31521.39089
2997,81715.5951
2998,48502.17926
2999,73955.64183
3000,53312.21216
3001,53043.15172
3002,38415.86199
3003,57878.44943
3004,75148.21282
3005,147328.6542
3006,75458.65104
3007,42227.23315
3008,40279.6606
3009,11946.59939
3010,64967.58241
3011,26435.52
3012,24083.62124
3013,28920.95944
3014,15752.57233
3015,22791.71976
3016,40910.13863
3018,32137.84578
3019,26852.19732
3020,36920.50684
3021,20514.41933
3022,13729.87276
3023,16416.03273
3024,34838.15126
3025,43425.82379
3026,34923.17023
3027,35232.51879
3028,14567.24966
3029,31715.68423
3030,44578.18957
3031,32038.40209
3032,41703.48164
3033,40141.26285
3034,32844.48883
3035,41153.49509
3036,21754.79894
3037,20576.92262
3038,61281.26012
3039,38204.44198
3040,18352.95097
3041,74997.31609
3042,29759.74265
3043,26212.34994
3044,96272.25335
3045,44972.29494
3046,35823.56297
3047,39372.71382
3048,39248.44462
3049,83443.34392
3050,156541.2276
3051,84663.57433
3052,58176.37146
3053,135054.5414
3054,20606.97142
3055,14497.42273
3056,23535.95369
3057,22472.07721
3058,32441.52555
3059,102232.594
3060,31525.60901
3061,70142.63363
3062,25272.38153
3063,58736.00466
3064,35612.52334
3065,64630.77935
3066,113893.2992
3067,71491.58819
3068,50417.15509
3069,18960.55256
3070,62232.09534
3071,38951.76945
3072,32274.17038
3073,43007.90469
3074,72861.71541
3075,37382.65213
3076,138437.9643
3077,57236.57934
3078,19423.84139
3079,33757.19448
3080,24429.39334
3081,12946.94612
3082,17354.8333
3083,63332.73442
3084,19089.88904
3085,24987.28559
3086,64530.0523
3087,32935.12591
3088,39731.53332
3089,58020.1201
3090,52830.73187
3091,93451.09097
3092,82868.7915
3093,38083.84406
3094,45975.08806
3095,62710.30743
3096,30595.17905
3097,47234.50891
3098,36754.3923
3099,38599.65932
3100,28208.37969
3101,18443.77057
3102,49174.15985
3103,83409.50049
3104,74207.2153
3105,90830.29406
3106,68586.7254
3107,33005.20571
3108,46122.8448
3109,31086.10744
3110,29056.35234
3111,18514.89918
3112,52286.17483
3113,46729.24099
3114,21887.73497
3115,26229.46503
3116,72139.93342
3117,17268.57757
3118,40152.05299
3119,22924.52395
3120,22853.56608
3121,76141.61338
3122,47092.64731
3123,43676.26697
3124,37945.57415
3125,25841.70463
3126,22406.39005
3127,31284.54855
3128,60657.70081
3129,50391.83127
3130,22558.16065
3131,34235.54118
3132,29368.16601
3133,128232.805
3134,105829.6399
3135,24216.09199
3136,33537.49503
3137,34395.07456
3138,18333.24012
3139,33935.52675
3140,32979.50817
3141,117729.0842
3142,20166.28382
3143,23979.64646
3144,100231.5324
3145,45082.2733
3146,17258.63047
3147,51257.48476
3148,22486.77828
3149,55089.41932
3150,21653.44941
3151,59275.1072
3152,56525.04167
3153,39178.018
3154,43063.26283
3155,27127.95123
3156,38881.74291
3157,77260.90362
3158,22675.85045
3159,51275.98438
3160,23521.77295
3161,36293.41779
3162,36236.4921
3163,39571.09732
3164,26979.22866
3165,40805.43364
3166,33256.21008
3167,27222.40892
3168,40072.64645
3169,32735.85541
3170,48924.33706
3171,37698.22805
3172,33827.01105
3173,34346.34656
3174,47103.3499
3175,34590.37055
3176,27675.86822
3178,46090.123
3179,96292.42022
3180,71502.34583
3181,29841.8292
3182,51361.67069
3183,86321.87267
3184,49386.36903
3185,48122.24253
3186,29352.13635
3187,30847.17029
3188,42210.02338
3189,47532.70566
3190,27327.78626
3191,51738.68638
3192,49101.46479
3193,61517.80846
3194,22551.77955
3195,57992.34659
3196,41767.4286
3197,51046.2257
3198,32355.0037
3199,80828.84941
3200,54714.36534
3201,22286.48234
3202,29840.26145
3203,38283.16035
3205,43320.99671
3206,29093.50691
3207,59322.6882
3208,52503.5713
3209,37993.90351
3210,34082.82372
3211,23168.1228
3212,66812.03449
3213,61467.68833
3214,68457.06584
3216,32120.39917
3217,25056.72763
3218,38049.66103
3219,21871.21072
3220,12824.78077
3221,47595.65792
3222,65946.43433
3223,37838.14764
3224,36061.29566
3225,22096.63555
3226,14129.87022
3227,39379.47889
3228,29637.92013
3229,32284.52815
3230,26066.70383
3231,37772.98741
3232,60628.00201
3233,20471.81055
3234,34555.84657
3235,60475.67487
3236,24919.91141
3237,29833.20866
3238,20372.89118
3239,23039.87452
3240,69730.7896
3241,5711.934785
3242,28677.35342
3243,45773.08013
3244,45053.2563
3245,76212.51625
3246,38117.2338
3247,20717.63966
3248,29524.09927
3249,36010.69611
3250,57029.51707
3251,41609.64516
3252,27676.22979
3253,18399.63763
3254,76934.52545
3255,26821.63921
3256,37954.72889
3257,29175.54045
3258,44042.14354
3259,43195.69077
3260,55351.87072
3261,33010.9738
3262,23644.1085
3263,26000.74855
3264,61943.20803
3265,46438.58069
3266,12397.07644
3267,58356.13508
3268,34756.96301
3269,20272.38265
3270,26417.53916
3271,24193.73266
3272,41579.15315
3273,37820.75449
3274,34831.83973
3275,26779.36505
3276,24251.29823
3277,26624.29225
3278,36036.83087
3279,44537.73044
3280,16688.56203
3281,71762.8867
3282,28427.64078
3283,42822.02679
3284,26051.96471
3285,41164.4923
3286,47682.58364
3287,54667.42259
3288,89889.62782
3289,40216.50849
3290,40950.80719
3291,53131.66096
3292,148463.7385
3293,54171.14495
3294,18395.07295
3295,54479.58233
3296,22643.21804
3297,28403.18345
3298,95315.24329
3299,32668.05196
3300,19212.64868
3301,97399.64544
3302,41452.00502
3303,26005.04716
3304,59072.99595
3305,33804.33173
3306,39731.38346
3307,37085.19374
3308,53259.37023
3309,20494.1718
3310,22240.67269
3311,21464.60755
3312,46459.0012
3313,35861.77625
3314,74961.63137
3315,52058.524
3316,24376.11398
3317,120147.2553
3318,149460.9449
3319,51748.72877
3320,29125.10919
3321,31775.38767
3322,46988.77578
3323,57986.00969
3324,41352.78626
3325,27896.65272
3326,102674.4013
3327,22069.21616
3328,27742.35324
3329,24976.99466
3330,62320.3498
3331,48478.53542
3332,50147.68702
3333,35776.30179
3334,29646.49582
3335,14821.19152
3336,29246.44645
3337,15095.07914
3338,19541.02774
3339,66377.33575
3340,24340.5126
3341,27102.96677
3342,22047.61676
3343,26242.67856
3344,44903.3234
3345,43313.0426
3346,35720.59006
3347,39816.13864
3348,81868.1977
3349,47802.90076
3350,57920.47606
3351,29263.46754
3352,19682.83914
3353,154518.1652
3354,121304.9223
3355,56486.16635
3356,71873.27385
3357,105159.5712
3358,79481.08945
3359,62565.98505
3360,57610.95241
3361,49136.1653
3362,63480.05961
3363,43090.20378
3364,30189.34296
3365,36447.07367
3366,51545.31951
3367,21410.6658
3368,104295.6693
3369,25482.08165
3370,42502.38591
3371,29923.54671
3372,45477.37842
3373,17523.39109
3374,30491.43439
3375,55397.97295
3376,20423.9295
3377,18816.33008
3378,37162.51416
3379,62016.16961
3380,52360.12523
3381,17645.67204
3382,24490.11378
3383,72317.21496
3384,26817.38341
3385,50854.62673
3386,58508.55063
3387,95255.58112
3388,41039.68095
3389,47015.48246
3390,40950.40414
3391,66422.58299
3392,33324.17538
3393,30232.91549
3394,59664.16311
3395,31019.0461
3396,42128.21706
3397,28346.31722
3398,28372.46345
3399,20390.24147
3400,45061.93789
3401,37733.8291
3402,39142.66114
3403,30089.99543
3404,33955.98913
3405,35178.66719
3406,34473.19203
3407,23407.10741
3408,28602.1528
3409,41344.55979
3410,27761.1268
3411,23905.51105
3412,31603.24175
3413,53806.93971
3414,41787.00598
3415,37518.40559
3416,42485.55305
3417,25573.2216
3418,21971.70379
3419,26690.55083
3420,10304.76381
3421,48544.58978
3422,45235.01755
3423,31192.85642
3424,20782.80926
3425,36173.01291
3426,27579.02583
3427,28824.33126
3428,40734.52833
3429,18696.09444
3430,20067.59171
3431,39897.10951
3432,36046.01489
3433,19472.13898
3434,15105.42663
3435,25676.23202
3436,41892.17062
3437,83828.44062
3438,38179.81233
3439,42502.69122
3440,20100.56299
3441,47936.38069
3442,32578.64968
3443,18246.71269
3444,81511.79977
3445,18593.37546
3446,24239.4654
3447,57522.83157
3448,42383.72075
3449,32838.8733
3450,39168.16821
3451,40623.23668
3452,28385.71751
3453,19992.71222
3454,80071.70839
3455,45501.21351
3456,37239.0848
3457,82865.36538
3458,5714.287022
3459,67850.23023
3460,43837.84157
3461,23164.11518
3462,29206.36465
3463,27983.85292
3464,24351.36445
3465,100517.1436
3466,25687.2626
3467,28566.24679
3468,26480.96751
3469,31438.01549
3470,120231.9491
3471,44335.20498
3472,41417.05093
3473,20357.07023
3474,27495.26055
3475,75452.56083
3476,46648.28788
3477,77638.8571
3478,34245.87548
3479,27691.10981
3480,23127.82194
3481,25101.77637
3482,21252.82292
3483,18646.99691
3484,58104.43909
3485,37562.94355
3486,40203.81627
3487,24944.06617
3488,45829.84411
3489,59813.48163
3490,61867.83734
3491,41230.47874
3492,96490.89503
3493,29078.54724
3494,43182.78667
3495,46259.6817
3496,47563.62549
3497,42027.27601
3498,34576.75765
3499,53243.25418
3500,61730.74285
3501,22288.76246
3502,27197.36351
3503,34640.66636
3504,30230.96554
3505,28532.23087
3506,32027.62485
3507,31787.45181
3508,47172.95775
3509,57410.72038
3510,40740.85557
3511,29519.72348
3512,42260.23356
3513,18681.01284
3514,27354.04292
3515,50405.50141
3516,30478.35409
3517,34834.45406
3518,39642.03812
3519,50103.48123
3520,33030.57925
3521,36363.10911
3522,40777.96386
3523,36544.52737
3524,31589.54097
3525,26880.91233
3526,39077.16761
3527,49854.03111
3528,21165.20615
3529,43749.71875
3530,78467.60872
3531,37223.81509
3532,33392.38499
3533,16642.11891
3534,27339.61192
3535,25151.25408
3536,36679.56029
3537,36450.72588
3538,22561.92064
3539,34343.80011
3540,43237.41831
3541,18133.66568
3542,46412.23797
3544,29451.69163
3545,39393.61879
3546,44302.21984
3547,42028.30679
3548,52581.48982
3549,21764.09258
3550,35146.78209
3551,12817.90432
3552,28795.0812
3553,12864.28967
3554,36188.90634
3555,25484.19783
3556,45026.86212
3557,19167.54364
3558,35215.84473
3559,47822.35268
3560,23464.88883
3561,76595.70206
3562,84436.88816
3563,51757.89212
3564,43052.90769
3565,30190.7649
3566,66695.00633
3567,44063.07758
3568,25977.94414
3569,30561.84772
3570,36098.19721
3571,22743.33891
3572,21720.79959
3573,65465.2791
3574,22791.78583
3575,48077.98751
3576,23749.38566
3577,20196.26768
3578,15024.8163
3579,32543.01766
3580,57730.26392
3581,22898.98753
3582,30609.26386
3583,29815.55894
3584,19083.01922
3585,15380.43733
3586,27542.67669
3587,37854.65588
3588,49063.41855
3589,41857.19638
3590,64697.34382
3591,34355.13875
3592,19498.42582
3593,37116.61339
3594,39448.25042
3595,49589.11921
3596,22185.6839
3597,34876.71627
3598,32624.44972
3599,26535.59915
3600,31357.61421
3601,19880.84728
3602,29183.68737
3603,17103.91086
3604,48289.29856
3605,23314.39413
3606,24086.45255
3607,26070.71484
3608,26576.83057
3609,11996.36819
3610,39452.37357
3611,22946.40367
3612,31526.66305
3613,50089.05023
3614,26756.18727
3615,51345.57788
3616,85184.20773
3617,15693.79615
3618,32409.01553
3619,31883.31487
3620,22913.41853
3621,32871.83826
3622,22688.70727
3623,22615.52149
3624,39389.49565
3625,22065.08198
3626,27641.6321
3627,13136.41707
3628,12907.58266
3629,18979.94066
3630,11290.28005
3631,26652.07792
3632,12477.74507
3633,17854.32278
3634,9514.236451
3635,116011.9128
3636,45223.74217
3637,12812.75039
3638,19864.35471
3639,16747.25904
3640,22399.05652
3641,46637.98002
3642,29904.20651
3643,9441.050673
3644,138120.2025
3645,37075.38196
3646,8009.289467
3647,26477.87516
3648,15169.12628
3649,22143.42169
3650,73596.11595
3651,13882.70585
3652,11276.87984
3653,19172.69757
3654,15919.5382
3655,19937.54049
3656,26772.67984
3657,100553.2211
3658,17135.86522
3659,34905.57826
3660,21412.59469
3661,19464.4099
3662,36182.72163
3663,35300.36915
3664,10967.64415
3665,21234.26878
3666,22367.10216
3667,28173.51748
3668,12368.48179
3669,10655.31612
3670,14144.52539
3671,23462.82726
3672,53124.71383
3673,34355.13875
3674,11033.61443
3675,12517.9457
3676,74296.01938
3677,15256.74306
3678,25807.86451
3679,33620.18861
3680,22041.37391
3681,33721.2056
3682,18365.59244
3683,122905.8069
3684,23478.28904
3685,23764.84744
3686,24543.09057
3687,22578.41321
3688,9610.099512
3689,21270.34628
3690,15464.96175
3691,18896.44703
3692,19137.65086
3693,30653.58764
3694,20917.8176
3695,11854.11977
3696,13818.79714
3697,8843.195022
3698,32555.38708
3699,19328.3462
3700,12797.2886
3701,13803.33535
3702,25122.39208
3703,27334.45799
3704,32505.90937
3705,51492.98022
3706,28486.8763
3707,20956.98745
3708,51539.36557
3709,14996.98508
3710,21800.17008
3711,14433.14536
3712,60738.09631
3713,36455.87981
3714,12793.16546
3715,19757.15301
3716,23436.02683
3717,22295.97795
3718,20716.81441
3719,16393.69958
3720,26855.14269
3721,12181.9096
3722,19124.25065
3723,13598.20902
3724,35281.81501
3725,62704.83525
3726,37833.00938
3727,21978.49599
3728,28915.68311
3729,32330.67582
3730,25297.62564
3731,22369.16373
3732,27780.78816
3733,17491.48625
3734,18872.73896
3735,9272.001834
3736,41496.42142
3737,13310.61983
3738,11307.8034
3739,18430.53194
3740,20446.74858
3741,8908.134515
3742,64481.90963
3743,15780.38214
3744,9009.151504
3745,10052.30654
3746,14566.1167
3747,19578.8271
3748,14773.30461
3749,16500.90128
3750,14445.51479
3751,14389.85236
3752,18213.03617
3753,9770.902067
3754,9390.542178
3755,9899.750267
3756,15748.42779
3757,10341.95729
3758,8686.51561
3759,9103.98378
3760,8269.04744
3761,9524.544307
3762,170490.1028
3763,14357.89801
3764,14351.7133
3765,16301.95966
3766,16566.87156
3767,14682.59548
3768,13581.71645
3769,9804.917992
3770,8420.572924
3771,11012.99872
3772,18797.49161
3773,170490.1028
3774,170490.1028
3775,170490.1028
3776,170490.1028
3777,170490.1028
3778,170490.1028
3779,170490.1028
3780,170490.1028
3781,170490.1028
3782,170490.1028
3783,170490.1028
3784,170490.1028
3785,170490.1028
3786,170490.1028
3787,170490.1028
3788,170490.1028
3789,170490.1028
3790,170490.1028
